,result
0,0
1,0
2,1
3,0
4,1
5,2
6,1
7,0
8,2
9,0
10,2
11,2
12,0
13,1
14,0
15,2
16,2
17,0
18,0
19,0
20,0
21,2
22,1
23,1
24,0
25,1
26,2
27,2
28,2
29,0
30,1
31,0
32,2
33,2
34,0
35,2
36,0
37,0
38,2
39,2
40,0
41,2
42,0
43,0
44,2
45,2
46,2
47,1
48,1
49,2
50,1
51,0
52,0
53,2
54,2
55,0
56,1
57,1
58,2
59,2
60,2
61,1
62,2
63,0
64,1
65,0
66,2
67,0
68,1
69,0
70,2
71,1
72,1
73,0
74,2
75,0
76,2
77,2
78,1
79,2
80,1
81,0
82,2
83,2
84,2
85,1
86,1
87,2
88,0
89,0
90,1
91,2
92,0
93,1
94,2
95,0
96,2
97,2
98,1
99,0
100,2
101,2
102,2
103,1
104,0
105,0
106,2
107,0
108,0
109,2
110,0
111,1
112,1
113,1
114,0
115,1
116,0
117,2
118,2
119,1
120,2
121,2
122,0
123,2
124,0
125,2
126,2
127,0
128,2
129,2
130,0
131,0
132,0
133,2
134,0
135,2
136,2
137,0
138,2
139,2
140,0
141,1
142,2
143,0
144,2
145,2
146,2
147,2
148,0
149,1
150,1
151,2
152,2
153,2
154,1
155,1
156,2
157,2
158,1
159,2
160,0
161,0
162,1
163,2
164,0
165,0
166,2
167,2
168,2
169,2
170,2
171,2
172,1
173,0
174,0
175,0
176,2
177,2
178,2
179,2
180,1
181,0
182,0
183,2
184,2
185,2
186,0
187,1
188,0
189,1
190,0
191,2
192,1
193,2
194,2
195,2
196,0
197,2
198,2
199,1
200,1
201,0
202,2
203,2
204,0
205,1
206,2
207,0
208,1
209,2
210,0
211,2
212,2
213,2
214,0
215,0
216,0
217,0
218,0
219,0
220,0
221,1
222,2
223,2
224,0
225,2
226,2
227,1
228,2
229,1
230,0
231,1
232,2
233,0
234,2
235,0
236,2
237,2
238,1
239,1
240,1
241,1
242,1
243,1
244,2
245,1
246,2
247,2
248,2
249,1
250,1
251,2
252,2
253,0
254,2
255,0
256,0
257,1
258,0
259,1
260,2
261,2
262,0
263,0
264,2
265,1
266,1
267,2
268,2
269,1
270,1
271,2
272,0
273,2
274,0
275,2
276,2
277,2
278,1
279,1
280,2
281,2
282,2
283,1
284,2
285,1
286,1
287,2
288,1
289,0
290,0
291,1
292,1
293,2
294,2
295,2
296,0
297,2
298,0
299,0
300,1
301,0
302,2
303,1
304,2
305,1
306,0
307,0
308,0
309,1
310,0
311,2
312,2
313,1
314,1
315,2
316,1
317,2
318,2
319,2
320,2
321,2
322,2
323,2
324,2
325,1
326,0
327,2
328,0
329,2
330,1
331,0
332,1
333,2
334,0
335,2
336,2
337,0
338,0
339,2
340,2
341,2
342,2
343,0
344,2
345,1
346,1
347,2
348,0
349,2
350,0
351,2
352,2
353,1
354,2
355,2
356,2
357,2
358,1
359,2
360,0
361,2
362,0
363,2
364,0
365,2
366,1
367,1
368,0
369,2
370,2
371,1
372,1
373,2
374,0
375,2
376,0
377,2
378,1
379,1
380,0
381,2
382,0
383,0
384,1
385,2
386,2
387,2
388,1
389,2
390,0
391,0
392,0
393,1
394,2
395,2
396,0
397,0
398,2
399,2
400,1
401,2
402,0
403,0
404,2
405,2
406,2
407,1
408,2
409,2
410,0
411,2
412,1
413,2
414,1
415,0
416,1
417,2
418,0
419,2
420,1
421,2
422,2
423,0
424,2
425,2
426,2
427,2
428,2
429,0
430,2
431,2
432,2
433,1
434,2
435,2
436,2
437,0
438,2
439,1
440,2
441,2
442,1
443,2
444,2
445,0
446,0
447,2
448,2
449,1
450,2
451,0
452,2
453,2
454,1
455,0
456,1
457,0
458,1
459,2
460,0
461,2
462,2
463,0
464,2
465,0
466,1
467,0
468,0
469,2
470,0
471,0
472,0
473,2
474,0
475,2
476,1
477,2
478,1
479,2
480,0
481,1
482,0
483,1
484,2
485,2
486,2
487,1
488,1
489,2
490,2
491,2
492,0
493,0
494,2
495,0
496,0
497,0
498,1
499,2
500,2
501,1
502,1
503,0
504,2
505,1
506,2
507,0
508,2
509,0
510,2
511,0
512,1
513,2
514,0
515,1
516,2
517,2
518,0
519,2
520,1
521,1
522,1
523,2
524,0
525,1
526,0
527,1
528,1
529,0
530,2
531,2
532,2
533,0
534,1
535,1
536,1
537,2
538,2
539,0
540,0
541,2
542,2
543,0
544,0
545,0
546,1
547,2
548,2
549,0
550,2
551,0
552,1
553,2
554,1
555,0
556,1
557,0
558,2
559,1
560,2
561,0
562,2
563,2
564,0
565,2
566,2
567,1
568,0
569,2
570,2
571,0
572,0
573,2
574,0
575,2
576,2
577,1
578,0
579,2
580,0
581,2
582,2
583,1
584,0
585,0
586,2
587,0
588,1
589,2
590,2
591,1
592,0
593,1
594,2
595,2
596,2
597,0
598,1
599,0
600,1
601,0
602,1
603,0
604,2
605,0
606,0
607,1
608,0
609,0
610,2
611,0
612,2
613,2
614,0
615,2
616,2
617,1
618,1
619,0
620,1
621,2
622,0
623,0
624,2
625,0
626,1
627,1
628,0
629,2
630,2
631,1
632,0
633,2
634,2
635,0
636,2
637,2
638,1
639,1
640,1
641,1
642,0
643,2
644,2
645,2
646,0
647,0
648,1
649,2
650,0
651,0
652,0
653,0
654,2
655,2
656,2
657,0
658,2
659,0
660,0
661,0
662,2
663,2
664,2
665,2
666,1
667,1
668,0
669,0
670,0
671,0
672,0
673,1
674,0
675,0
676,0
677,2
678,2
679,1
680,1
681,1
682,1
683,0
684,2
685,1
686,0
687,2
688,0
689,2
690,2
691,2
692,0
693,1
694,2
695,0
696,2
697,2
698,0
699,0
700,0
701,0
702,1
703,2
704,1
705,2
706,2
707,0
708,0
709,2
710,0
711,1
712,1
713,2
714,2
715,1
716,2
717,1
718,0
719,2
720,2
721,0
722,0
723,0
724,2
725,2
726,0
727,1
728,0
729,2
730,2
731,0
732,0
733,0
734,0
735,2
736,2
737,0
738,1
739,0
740,0
741,2
742,2
743,0
744,2
745,1
746,0
747,0
748,1
749,2
750,0
751,2
752,2
753,0
754,1
755,0
756,0
757,2
758,0
759,2
760,0
761,0
762,1
763,2
764,2
765,1
766,0
767,1
768,2
769,2
770,2
771,2
772,0
773,1
774,1
775,1
776,2
777,0
778,0
779,1
780,1
781,1
782,0
783,2
784,2
785,1
786,2
787,0
788,2
789,2
790,2
791,2
792,0
793,2
794,2
795,2
796,1
797,2
798,0
799,1
800,1
801,0
802,0
803,0
804,2
805,0
806,2
807,0
808,0
809,0
810,2
811,1
812,1
813,2
814,1
815,0
816,0
817,1
818,0
819,0
820,2
821,0
822,2
823,1
824,0
825,0
826,2
827,0
828,0
829,1
830,2
831,2
832,1
833,0
834,2
835,0
836,0
837,2
838,2
839,1
840,1
841,2
842,1
843,2
844,2
845,1
846,1
847,1
848,0
849,2
850,1
851,1
852,0
853,2
854,0
855,0
856,1
857,0
858,0
859,0
860,0
861,2
862,2
863,2
864,2
865,2
866,0
867,2
868,2
869,2
870,2
871,2
872,1
873,1
874,2
875,0
876,2
877,2
878,2
879,0
880,1
881,2
882,2
883,0
884,2
885,2
886,1
887,2
888,1
889,1
890,2
891,2
892,1
893,0
894,1
895,2
896,2
897,2
898,2
899,1
900,1
901,2
902,2
903,0
904,0
905,1
906,0
907,2
908,2
909,1
910,1
911,1
912,0
913,1
914,1
915,0
916,2
917,1
918,0
919,0
920,1
921,2
922,2
923,2
924,0
925,2
926,1
927,2
928,0
929,1
930,1
931,1
932,1
933,2
934,2
935,0
936,0
937,2
938,2
939,0
940,2
941,2
942,0
943,2
944,2
945,2
946,2
947,2
948,2
949,0
950,2
951,0
952,2
953,1
954,1
955,0
956,2
957,1
958,0
959,2
960,2
961,0
962,2
963,0
964,2
965,2
966,1
967,2
968,2
969,1
970,0
971,1
972,2
973,2
974,1
975,1
976,0
977,2
978,1
979,2
980,2
981,0
982,1
983,2
984,2
985,2
986,2
987,0
988,2
989,2
990,1
991,1
992,0
993,2
994,0
995,2
996,2
997,2
998,1
999,0
1000,0
1001,0
1002,0
1003,2
1004,1
1005,2
1006,0
1007,2
1008,2
1009,2
1010,0
1011,2
1012,0
1013,0
1014,0
1015,2
1016,2
1017,0
1018,2
1019,0
1020,0
1021,0
1022,2
1023,1
1024,0
1025,2
1026,0
1027,2
1028,0
1029,1
1030,2
1031,2
1032,0
1033,2
1034,1
1035,1
1036,2
1037,2
1038,0
1039,1
1040,2
1041,0
1042,2
1043,0
1044,2
1045,1
1046,0
1047,2
1048,2
1049,2
1050,1
1051,2
1052,1
1053,2
1054,1
1055,2
1056,0
1057,1
1058,0
1059,2
1060,2
1061,1
1062,2
1063,0
1064,0
1065,2
1066,0
1067,0
1068,2
1069,0
1070,2
1071,2
1072,1
1073,2
1074,0
1075,2
1076,2
1077,2
1078,0
1079,0
1080,2
1081,0
1082,1
1083,2
1084,2
1085,2
1086,1
1087,2
1088,0
1089,2
1090,0
1091,1
1092,1
1093,0
1094,1
1095,1
1096,0
1097,2
1098,2
1099,0
1100,2
1101,0
1102,2
1103,1
1104,2
1105,0
1106,2
1107,2
1108,2
1109,2
1110,1
1111,2
1112,0
1113,1
1114,0
1115,0
1116,2
1117,1
1118,0
1119,0
1120,0
1121,2
1122,2
1123,2
1124,0
1125,2
1126,1
1127,0
1128,0
1129,2
1130,2
1131,0
1132,2
1133,2
1134,2
1135,2
1136,1
1137,1
1138,1
1139,0
1140,0
1141,2
1142,2
1143,0
1144,1
1145,2
1146,2
1147,2
1148,2
1149,0
1150,0
1151,2
1152,1
1153,0
1154,0
1155,0
1156,0
1157,2
1158,1
1159,1
1160,2
1161,2
1162,2
1163,2
1164,2
1165,2
1166,2
1167,0
1168,0
1169,2
1170,0
1171,2
1172,2
1173,0
1174,2
1175,1
1176,0
1177,1
1178,2
1179,0
1180,1
1181,0
1182,2
1183,1
1184,2
1185,2
1186,1
1187,2
1188,2
1189,2
1190,0
1191,0
1192,1
1193,2
1194,1
1195,1
1196,0
1197,2
1198,1
1199,1
1200,1
1201,0
1202,1
1203,0
1204,0
1205,0
1206,0
1207,0
1208,0
1209,2
1210,2
1211,0
1212,0
1213,1
1214,0
1215,0
1216,2
1217,0
1218,2
1219,1
1220,2
1221,0
1222,1
1223,1
1224,0
1225,2
1226,2
1227,2
1228,2
1229,0
1230,1
1231,2
1232,0
1233,0
1234,0
1235,2
1236,0
1237,0
1238,0
1239,2
1240,2
1241,2
1242,2
1243,0
1244,2
1245,0
1246,1
1247,0
1248,1
1249,0
1250,2
1251,0
1252,1
1253,1
1254,2
1255,0
1256,0
1257,0
1258,1
1259,2
1260,0
1261,0
1262,2
1263,2
1264,1
1265,2
1266,0
1267,2
1268,2
1269,1
1270,0
1271,0
1272,2
1273,0
1274,1
1275,2
1276,2
1277,1
1278,0
1279,1
1280,2
1281,1
1282,0
1283,0
1284,1
1285,1
1286,0
1287,2
1288,0
1289,0
1290,0
1291,0
1292,0
1293,0
1294,2
1295,0
1296,2
1297,1
1298,2
1299,2
1300,0
1301,1
1302,1
1303,2
1304,1
1305,1
1306,2
1307,2
1308,0
1309,2
1310,2
1311,0
1312,1
1313,1
1314,2
1315,2
1316,2
1317,2
1318,2
1319,1
1320,0
1321,0
1322,0
1323,2
1324,0
1325,2
1326,2
1327,0
1328,1
1329,1
1330,0
1331,1
1332,2
1333,0
1334,2
1335,2
1336,1
1337,0
1338,2
1339,1
1340,1
1341,1
1342,0
1343,2
1344,2
1345,1
1346,2
1347,1
1348,0
1349,0
1350,2
1351,0
1352,0
1353,2
1354,0
1355,0
1356,2
1357,1
1358,1
1359,2
1360,1
1361,1
1362,1
1363,2
1364,1
1365,0
1366,2
1367,1
1368,2
1369,2
1370,2
1371,2
1372,2
1373,2
1374,2
1375,2
1376,2
1377,1
1378,2
1379,0
1380,0
1381,1
1382,0
1383,0
1384,0
1385,1
1386,1
1387,1
1388,2
1389,0
1390,2
1391,1
1392,0
1393,2
1394,1
1395,0
1396,1
1397,2
1398,0
1399,1
1400,0
1401,2
1402,2
1403,0
1404,0
1405,2
1406,2
1407,1
1408,2
1409,1
1410,2
1411,2
1412,1
1413,2
1414,2
1415,1
1416,0
1417,2
1418,1
1419,1
1420,1
1421,2
1422,2
1423,0
1424,1
1425,0
1426,2
1427,2
1428,2
1429,1
1430,0
1431,2
1432,2
1433,2
1434,2
1435,2
1436,2
1437,2
1438,1
1439,1
1440,2
1441,1
1442,2
1443,2
1444,2
1445,1
1446,1
1447,2
1448,0
1449,0
1450,1
1451,0
1452,2
1453,2
1454,1
1455,0
1456,2
1457,1
1458,1
1459,2
1460,2
1461,1
1462,1
1463,2
1464,0
1465,0
1466,2
1467,1
1468,0
1469,0
1470,2
1471,2
1472,0
1473,0
1474,2
1475,0
1476,1
1477,2
1478,2
1479,2
1480,0
1481,1
1482,0
1483,1
1484,2
1485,0
1486,1
1487,2
1488,2
1489,0
1490,2
1491,1
1492,0
1493,1
1494,1
1495,0
1496,0
1497,2
1498,1
1499,0
1500,0
1501,1
1502,0
1503,2
1504,0
1505,0
1506,0
1507,2
1508,1
1509,1
1510,1
1511,0
1512,2
1513,2
1514,2
1515,2
1516,2
1517,1
1518,0
1519,2
1520,2
1521,1
1522,2
1523,1
1524,1
1525,0
1526,0
1527,0
1528,2
1529,1
1530,1
1531,0
1532,2
1533,0
1534,2
1535,2
1536,2
1537,2
1538,2
1539,2
1540,0
1541,2
1542,0
1543,1
1544,1
1545,2
1546,1
1547,2
1548,2
1549,2
1550,1
1551,2
1552,0
1553,2
1554,2
1555,1
1556,2
1557,1
1558,2
1559,0
1560,2
1561,2
1562,0
1563,2
1564,0
1565,2
1566,2
1567,0
1568,1
1569,1
1570,0
1571,0
1572,0
1573,0
1574,0
1575,1
1576,1
1577,0
1578,0
1579,0
1580,1
1581,1
1582,2
1583,0
1584,0
1585,0
1586,0
1587,2
1588,1
1589,0
1590,0
1591,1
1592,2
1593,1
1594,2
1595,0
1596,1
1597,1
1598,2
1599,1
1600,2
1601,2
1602,1
1603,0
1604,2
1605,1
1606,2
1607,1
1608,0
1609,2
1610,2
1611,2
1612,1
1613,1
1614,0
1615,0
1616,1
1617,1
1618,2
1619,2
1620,0
1621,0
1622,1
1623,1
1624,2
1625,0
1626,0
1627,0
1628,2
1629,2
1630,2
1631,0
1632,2
1633,0
1634,1
1635,0
1636,0
1637,2
1638,2
1639,0
1640,1
1641,0
1642,2
1643,0
1644,0
1645,1
1646,2
1647,1
1648,2
1649,2
1650,2
1651,2
1652,2
1653,1
1654,0
1655,2
1656,0
1657,1
1658,1
1659,2
1660,1
1661,2
1662,2
1663,2
1664,2
1665,1
1666,2
1667,0
1668,1
1669,0
1670,2
1671,1
1672,2
1673,1
1674,2
1675,2
1676,2
1677,0
1678,2
1679,0
1680,0
1681,2
1682,1
1683,2
1684,2
1685,2
1686,0
1687,1
1688,1
1689,2
1690,2
1691,2
1692,0
1693,2
1694,2
1695,2
1696,0
1697,1
1698,2
1699,0
1700,1
1701,2
1702,2
1703,0
1704,2
1705,2
1706,2
1707,1
1708,0
1709,1
1710,2
1711,1
1712,0
1713,2
1714,0
1715,1
1716,1
1717,0
1718,2
1719,2
1720,2
1721,2
1722,2
1723,2
1724,0
1725,0
1726,2
1727,2
1728,0
1729,2
1730,2
1731,2
1732,1
1733,2
1734,2
1735,2
1736,0
1737,2
1738,1
1739,1
1740,2
1741,2
1742,2
1743,2
1744,2
1745,1
1746,0
1747,0
1748,0
1749,2
1750,1
1751,0
1752,0
1753,2
1754,1
1755,2
1756,2
1757,0
1758,0
1759,2
1760,1
1761,0
1762,0
1763,1
1764,0
1765,2
1766,1
1767,2
1768,2
1769,2
1770,0
1771,0
1772,0
1773,0
1774,2
1775,0
1776,1
1777,0
1778,0
1779,0
1780,2
1781,1
1782,2
1783,0
1784,1
1785,2
1786,0
1787,1
1788,2
1789,0
1790,2
1791,1
1792,0
1793,2
1794,0
1795,1
1796,0
1797,2
1798,1
1799,2
1800,2
1801,0
1802,2
1803,2
1804,1
1805,0
1806,0
1807,2
1808,2
1809,1
1810,0
1811,1
1812,2
1813,1
1814,0
1815,0
1816,2
1817,2
1818,2
1819,2
1820,1
1821,1
1822,0
1823,1
1824,2
1825,0
1826,2
1827,2
1828,2
1829,2
1830,0
1831,0
1832,2
1833,1
1834,2
1835,0
1836,2
1837,2
1838,2
1839,2
1840,2
1841,2
1842,2
1843,2
1844,2
1845,2
1846,1
1847,0
1848,0
1849,2
1850,2
1851,2
1852,1
1853,2
1854,2
1855,0
1856,2
1857,2
1858,2
1859,2
1860,0
1861,0
1862,2
1863,0
1864,2
1865,0
1866,0
1867,0
1868,1
1869,2
1870,2
1871,2
1872,2
1873,2
1874,2
1875,0
1876,2
1877,0
1878,1
1879,1
1880,1
1881,2
1882,0
1883,0
1884,2
1885,0
1886,0
1887,1
1888,2
1889,1
1890,2
1891,2
1892,1
1893,0
1894,2
1895,2
1896,0
1897,2
1898,2
1899,2
1900,0
1901,0
1902,2
1903,1
1904,1
1905,2
1906,2
1907,1
1908,0
1909,1
1910,1
1911,1
1912,2
1913,2
1914,1
1915,2
1916,0
1917,1
1918,1
1919,1
1920,1
1921,0
1922,0
1923,2
1924,2
1925,1
1926,0
1927,2
1928,0
1929,2
1930,0
1931,0
1932,2
1933,0
1934,2
1935,0
1936,1
1937,2
1938,0
1939,1
1940,0
1941,2
1942,2
1943,1
1944,0
1945,2
1946,1
1947,0
1948,2
1949,1
1950,1
1951,1
1952,2
1953,0
1954,1
1955,2
1956,0
1957,2
1958,2
1959,2
1960,2
1961,0
1962,0
1963,1
1964,1
1965,2
1966,2
1967,1
1968,2
1969,0
1970,1
1971,2
1972,0
1973,2
1974,2
1975,1
1976,2
1977,2
1978,0
1979,1
1980,2
1981,1
1982,0
1983,1
1984,0
1985,2
1986,1
1987,2
1988,0
1989,0
1990,0
1991,0
1992,0
1993,1
1994,2
1995,2
1996,1
1997,0
1998,0
1999,0
2000,2
2001,1
2002,1
2003,2
2004,2
2005,0
2006,2
2007,2
2008,1
2009,2
2010,2
2011,1
2012,2
2013,1
2014,0
2015,0
2016,1
2017,1
2018,2
2019,1
2020,1
2021,2
2022,2
2023,1
2024,2
2025,2
2026,2
2027,2
2028,1
2029,0
2030,2
2031,2
2032,2
2033,2
2034,2
2035,2
2036,1
2037,2
2038,0
2039,1
2040,2
2041,0
2042,0
2043,2
2044,2
2045,2
2046,2
2047,2
2048,2
2049,2
2050,1
2051,1
2052,0
2053,0
2054,2
2055,2
2056,1
2057,2
2058,2
2059,2
2060,2
2061,0
2062,1
2063,2
2064,0
2065,0
2066,0
2067,2
2068,1
2069,0
2070,2
2071,2
2072,2
2073,2
2074,0
2075,1
2076,2
2077,2
2078,1
2079,2
2080,2
2081,2
2082,1
2083,0
2084,2
2085,0
2086,2
2087,2
2088,2
2089,1
2090,2
2091,0
2092,0
2093,0
2094,1
2095,2
2096,0
2097,0
2098,2
2099,2
2100,0
2101,0
2102,2
2103,2
2104,2
2105,2
2106,2
2107,1
2108,2
2109,2
2110,0
2111,2
2112,0
2113,2
2114,2
2115,2
2116,2
2117,1
2118,2
2119,2
2120,0
2121,0
2122,2
2123,2
2124,0
2125,2
2126,2
2127,2
2128,0
2129,2
2130,2
2131,1
2132,0
2133,0
2134,2
2135,0
2136,2
2137,2
2138,0
2139,0
2140,2
2141,0
2142,0
2143,1
2144,2
2145,1
2146,2
2147,2
2148,0
2149,1
2150,1
2151,1
2152,0
2153,2
2154,2
2155,2
2156,1
2157,2
2158,0
2159,2
2160,0
2161,1
2162,0
2163,2
2164,1
2165,2
2166,1
2167,2
2168,0
2169,2
2170,2
2171,1
2172,0
2173,1
2174,0
2175,2
2176,0
2177,2
2178,1
2179,0
2180,0
2181,2
2182,0
2183,2
2184,1
2185,2
2186,1
2187,0
2188,2
2189,0
2190,0
2191,0
2192,0
2193,1
2194,2
2195,0
2196,0
2197,2
2198,2
2199,1
2200,2
2201,2
2202,2
2203,1
2204,2
2205,2
2206,1
2207,0
2208,2
2209,2
2210,2
2211,1
2212,1
2213,2
2214,2
2215,0
2216,2
2217,0
2218,2
2219,2
2220,1
2221,0
2222,0
2223,2
2224,1
2225,2
2226,2
2227,0
2228,1
2229,1
2230,0
2231,2
2232,0
2233,1
2234,2
2235,1
2236,1
2237,1
2238,2
2239,0
2240,2
2241,2
2242,0
2243,0
2244,2
2245,0
2246,2
2247,1
2248,0
2249,2
2250,2
2251,1
2252,1
2253,2
2254,1
2255,0
2256,1
2257,0
2258,1
2259,0
2260,2
2261,0
2262,2
2263,2
2264,2
2265,1
2266,1
2267,2
2268,2
2269,0
2270,0
2271,0
2272,1
2273,1
2274,2
2275,1
2276,1
2277,1
2278,0
2279,0
2280,1
2281,1
2282,0
2283,1
2284,0
2285,0
2286,1
2287,2
2288,1
2289,1
2290,2
2291,2
2292,2
2293,2
2294,1
2295,2
2296,1
2297,2
2298,2
2299,1
2300,2
2301,0
2302,0
2303,2
2304,0
2305,0
2306,2
2307,2
2308,1
2309,1
2310,1
2311,0
2312,2
2313,2
2314,0
2315,0
2316,2
2317,1
2318,2
2319,2
2320,1
2321,0
2322,2
2323,0
2324,2
2325,0
2326,1
2327,2
2328,1
2329,1
2330,2
2331,2
2332,2
2333,1
2334,2
2335,0
2336,1
2337,2
2338,0
2339,0
2340,0
2341,0
2342,2
2343,1
2344,2
2345,2
2346,2
2347,1
2348,0
2349,0
2350,1
2351,0
2352,0
2353,0
2354,2
2355,1
2356,2
2357,1
2358,1
2359,0
2360,1
2361,2
2362,1
2363,0
2364,2
2365,0
2366,2
2367,2
2368,2
2369,0
2370,0
2371,2
2372,0
2373,1
2374,2
2375,2
2376,0
2377,0
2378,2
2379,2
2380,0
2381,1
2382,0
2383,2
2384,2
2385,1
2386,0
2387,1
2388,0
2389,1
2390,0
2391,2
2392,2
2393,1
2394,2
2395,0
2396,2
2397,2
2398,2
2399,0
2400,1
2401,1
2402,2
2403,0
2404,1
2405,1
2406,2
2407,0
2408,2
2409,2
2410,1
2411,0
2412,0
2413,2
2414,1
2415,2
2416,1
2417,1
2418,0
2419,2
2420,0
2421,0
2422,0
2423,2
2424,2
2425,1
2426,2
2427,1
2428,0
2429,2
2430,1
2431,1
2432,0
2433,2
2434,2
2435,0
2436,2
2437,2
2438,2
2439,0
2440,1
2441,2
2442,2
2443,0
2444,0
2445,1
2446,2
2447,2
2448,0
2449,0
2450,0
2451,0
2452,1
2453,2
2454,1
2455,1
2456,1
2457,0
2458,2
2459,2
2460,2
2461,1
2462,1
2463,2
2464,2
2465,1
2466,0
2467,1
2468,1
2469,2
2470,0
2471,0
2472,2
2473,1
2474,0
2475,2
2476,0
2477,0
2478,0
2479,1
2480,2
2481,0
2482,0
2483,2
2484,2
2485,1
2486,0
2487,2
2488,1
2489,2
2490,2
2491,0
2492,1
2493,2
2494,2
2495,2
2496,2
2497,0
2498,1
2499,0
2500,2
2501,1
2502,1
2503,1
2504,2
2505,0
2506,0
2507,2
2508,0
2509,2
2510,2
2511,1
2512,0
2513,2
2514,0
2515,1
2516,1
2517,0
2518,1
2519,1
2520,2
2521,2
2522,2
2523,0
2524,1
2525,2
2526,0
2527,0
2528,1
2529,1
2530,1
2531,2
2532,1
2533,0
2534,1
2535,2
2536,2
2537,0
2538,0
2539,2
2540,2
2541,2
2542,0
2543,0
2544,2
2545,0
2546,1
2547,2
2548,1
2549,2
2550,2
2551,0
2552,2
2553,0
2554,2
2555,0
2556,1
2557,2
2558,1
2559,1
2560,0
2561,2
2562,0
2563,2
2564,2
2565,0
2566,0
2567,0
2568,2
2569,2
2570,0
2571,0
2572,2
2573,0
2574,0
2575,0
2576,2
2577,1
2578,0
2579,2
2580,2
2581,0
2582,0
2583,0
2584,2
2585,1
2586,2
2587,0
2588,0
2589,2
2590,1
2591,1
2592,2
2593,1
2594,1
2595,2
2596,0
2597,1
2598,2
2599,2
2600,0
2601,2
2602,1
2603,1
2604,0
2605,2
2606,2
2607,1
2608,1
2609,1
2610,2
2611,2
2612,2
2613,2
2614,1
2615,0
2616,2
2617,1
2618,0
2619,2
2620,0
2621,2
2622,1
2623,0
2624,1
2625,0
2626,2
2627,1
2628,0
2629,2
2630,1
2631,1
2632,2
2633,2
2634,2
2635,2
2636,1
2637,2
2638,0
2639,2
2640,1
2641,1
2642,2
2643,0
2644,0
2645,0
2646,1
2647,1
2648,0
2649,0
2650,0
2651,1
2652,2
2653,2
2654,2
2655,2
2656,0
2657,0
2658,2
2659,2
2660,2
2661,1
2662,0
2663,0
2664,0
2665,2
2666,0
2667,2
2668,2
2669,2
2670,2
2671,2
2672,2
2673,2
2674,1
2675,2
2676,0
2677,2
2678,0
2679,2
2680,2
2681,2
2682,2
2683,0
2684,0
2685,2
2686,2
2687,0
2688,2
2689,0
2690,0
2691,0
2692,1
2693,0
2694,0
2695,2
2696,2
2697,1
2698,0
2699,2
2700,2
2701,2
2702,2
2703,2
2704,1
2705,2
2706,1
2707,1
2708,2
2709,2
2710,1
2711,2
2712,1
2713,0
2714,0
2715,2
2716,0
2717,2
2718,0
2719,2
2720,0
2721,0
2722,2
2723,1
2724,2
2725,2
2726,2
2727,1
2728,2
2729,1
2730,2
2731,1
2732,2
2733,2
2734,2
2735,2
2736,2
2737,0
2738,2
2739,2
2740,2
2741,2
2742,2
2743,0
2744,1
2745,2
2746,0
2747,2
2748,0
2749,0
2750,1
2751,2
2752,0
2753,2
2754,2
2755,0
2756,2
2757,2
2758,0
2759,0
2760,1
2761,2
2762,0
2763,2
2764,2
2765,2
2766,1
2767,2
2768,0
2769,2
2770,0
2771,0
2772,2
2773,0
2774,0
2775,0
2776,2
2777,2
2778,0
2779,0
2780,2
2781,1
2782,2
2783,1
2784,1
2785,1
2786,0
2787,1
2788,2
2789,0
2790,1
2791,2
2792,0
2793,1
2794,2
2795,0
2796,2
2797,1
2798,1
2799,0
2800,0
2801,2
2802,2
2803,1
2804,2
2805,0
2806,2
2807,2
2808,2
2809,1
2810,2
2811,0
2812,1
2813,0
2814,1
2815,1
2816,2
2817,0
2818,2
2819,1
2820,0
2821,1
2822,2
2823,1
2824,2
2825,1
2826,0
2827,2
2828,2
2829,1
2830,2
2831,2
2832,2
2833,2
2834,2
2835,0
2836,2
2837,2
2838,2
2839,2
2840,2
2841,2
2842,2
2843,0
2844,2
2845,1
2846,0
2847,2
2848,0
2849,0
2850,2
2851,0
2852,0
2853,0
2854,0
2855,2
2856,0
2857,2
2858,0
2859,0
2860,1
2861,1
2862,0
2863,0
2864,2
2865,0
2866,0
2867,2
2868,2
2869,2
2870,2
2871,2
2872,0
2873,1
2874,2
2875,1
2876,2
2877,1
2878,1
2879,2
2880,0
2881,2
2882,0
2883,2
2884,0
2885,1
2886,2
2887,2
2888,2
2889,1
2890,2
2891,2
2892,2
2893,1
2894,1
2895,1
2896,1
2897,1
2898,2
2899,0
2900,0
2901,1
2902,2
2903,0
2904,0
2905,1
2906,2
2907,2
2908,2
2909,1
2910,1
2911,2
2912,0
2913,0
2914,2
2915,1
2916,2
2917,0
2918,2
2919,1
2920,0
2921,0
2922,0
2923,2
2924,0
2925,2
2926,1
2927,1
2928,2
2929,2
2930,2
2931,0
2932,2
2933,2
2934,2
2935,2
2936,1
2937,1
2938,0
2939,0
2940,1
2941,2
2942,1
2943,1
2944,1
2945,2
2946,2
2947,2
2948,0
2949,0
2950,1
2951,2
2952,0
2953,2
2954,0
2955,1
2956,0
2957,2
2958,2
2959,2
2960,0
2961,2
2962,0
2963,0
2964,0
2965,0
2966,0
2967,2
2968,0
2969,2
2970,1
2971,2
2972,1
2973,2
2974,2
2975,2
2976,0
2977,2
2978,1
2979,1
2980,0
2981,2
2982,2
2983,1
2984,1
2985,2
2986,2
2987,2
2988,0
2989,2
2990,1
2991,1
2992,1
2993,2
2994,0
2995,0
2996,1
2997,2
2998,2
2999,1
3000,0
3001,0
3002,1
3003,2
3004,2
3005,0
3006,2
3007,0
3008,2
3009,1
3010,2
3011,0
3012,2
3013,2
3014,0
3015,0
3016,1
3017,2
3018,0
3019,2
3020,1
3021,0
3022,0
3023,0
3024,2
3025,2
3026,0
3027,0
3028,1
3029,2
3030,2
3031,0
3032,1
3033,1
3034,0
3035,2
3036,0
3037,0
3038,2
3039,0
3040,2
3041,0
3042,0
3043,2
3044,0
3045,0
3046,0
3047,1
3048,2
3049,0
3050,0
3051,2
3052,2
3053,0
3054,2
3055,1
3056,1
3057,2
3058,0
3059,1
3060,0
3061,2
3062,2
3063,2
3064,2
3065,1
3066,1
3067,2
3068,0
3069,2
3070,0
3071,2
3072,0
3073,0
3074,0
3075,2
3076,2
3077,1
3078,0
3079,0
3080,2
3081,1
3082,2
3083,2
3084,2
3085,0
3086,2
3087,2
3088,2
3089,2
3090,0
3091,0
3092,2
3093,0
3094,2
3095,2
3096,0
3097,1
3098,1
3099,2
3100,2
3101,1
3102,2
3103,2
3104,2
3105,2
3106,1
3107,1
3108,0
3109,0
3110,0
3111,2
3112,2
3113,2
3114,2
3115,2
3116,0
3117,0
3118,1
3119,2
3120,1
3121,1
3122,2
3123,1
3124,2
3125,2
3126,2
3127,2
3128,0
3129,2
3130,0
3131,2
3132,0
3133,2
3134,1
3135,2
3136,1
3137,1
3138,2
3139,2
3140,2
3141,1
3142,2
3143,2
3144,2
3145,2
3146,2
3147,2
3148,0
3149,2
3150,2
3151,2
3152,2
3153,0
3154,2
3155,2
3156,0
3157,2
3158,1
3159,0
3160,0
3161,2
3162,1
3163,2
3164,0
3165,2
3166,0
3167,0
3168,2
3169,2
3170,1
3171,1
3172,0
3173,2
3174,0
3175,2
3176,2
3177,2
3178,2
3179,0
3180,1
3181,2
3182,1
3183,1
3184,2
3185,2
3186,1
3187,1
3188,2
3189,2
3190,2
3191,1
3192,1
3193,0
3194,0
3195,1
3196,2
3197,2
3198,0
3199,2
3200,2
3201,2
3202,0
3203,0
3204,0
3205,2
3206,2
3207,2
3208,1
3209,2
3210,0
3211,2
3212,2
3213,2
3214,1
3215,2
3216,1
3217,0
3218,2
3219,0
3220,1
3221,2
3222,2
3223,2
3224,2
3225,2
3226,1
3227,0
3228,1
3229,2
3230,0
3231,2
3232,2
3233,2
3234,2
3235,0
3236,1
3237,0
3238,0
3239,1
3240,2
3241,2
3242,0
3243,2
3244,2
3245,2
3246,2
3247,1
3248,2
3249,0
3250,2
3251,0
3252,1
3253,2
3254,2
3255,1
3256,2
3257,2
3258,0
3259,1
3260,1
3261,1
3262,0
3263,2
3264,0
3265,0
3266,2
3267,1
3268,2
3269,2
3270,2
3271,0
3272,1
3273,2
3274,1
3275,1
3276,1
3277,1
3278,0
3279,1
3280,0
3281,2
3282,0
3283,1
3284,2
3285,2
3286,1
3287,2
3288,2
3289,0
3290,2
3291,2
3292,1
3293,0
3294,2
3295,2
3296,2
3297,2
3298,1
3299,1
3300,1
3301,2
3302,1
3303,2
3304,0
3305,0
3306,0
3307,1
3308,0
3309,2
3310,1
3311,0
3312,2
3313,0
3314,0
3315,2
3316,0
3317,2
3318,1
3319,2
3320,0
3321,2
3322,2
3323,2
3324,0
3325,2
3326,1
3327,2
3328,2
3329,2
3330,2
3331,0
3332,2
3333,1
3334,2
3335,2
3336,2
3337,0
3338,1
3339,0
3340,2
3341,1
3342,2
3343,0
3344,1
3345,1
3346,2
3347,0
3348,0
3349,0
3350,0
3351,2
3352,0
3353,0
3354,2
3355,1
3356,0
3357,2
3358,0
3359,1
3360,1
3361,2
3362,0
3363,2
3364,1
3365,0
3366,0
3367,1
3368,2
3369,0
3370,1
3371,0
3372,2
3373,2
3374,2
3375,2
3376,2
3377,1
3378,0
3379,0
3380,2
3381,1
3382,1
3383,2
3384,0
3385,2
3386,0
3387,2
3388,1
3389,2
3390,1
3391,0
3392,1
3393,2
3394,2
3395,2
3396,2
3397,1
3398,2
3399,1
3400,0
3401,1
3402,2
3403,1
3404,2
3405,0
3406,2
3407,1
3408,2
3409,2
3410,1
3411,2
3412,1
3413,1
3414,2
3415,2
3416,2
3417,0
3418,2
3419,2
3420,2
3421,2
3422,0
3423,1
3424,1
3425,1
3426,0
3427,0
3428,2
3429,1
3430,1
3431,2
3432,2
3433,1
3434,1
3435,2
3436,2
3437,2
3438,2
3439,1
3440,2
3441,0
3442,0
3443,2
3444,0
3445,0
3446,0
3447,0
3448,2
3449,1
3450,2
3451,1
3452,1
3453,1
3454,0
3455,0
3456,0
3457,1
3458,2
3459,1
3460,2
3461,2
3462,1
3463,0
3464,2
3465,2
3466,0
3467,0
3468,2
3469,1
3470,2
3471,1
3472,1
3473,1
3474,2
3475,1
3476,2
3477,0
3478,2
3479,0
3480,2
3481,0
3482,2
3483,0
3484,2
3485,2
3486,2
3487,2
3488,2
3489,2
3490,2
3491,2
3492,2
3493,2
3494,2
3495,0
3496,0
3497,0
3498,0
3499,2
3500,0
3501,2
3502,0
3503,0
3504,1
3505,2
3506,0
3507,2
3508,2
3509,0
3510,2
3511,2
3512,0
3513,0
3514,0
3515,0
3516,0
3517,1
3518,2
3519,2
3520,2
3521,1
3522,2
3523,0
3524,0
3525,1
3526,2
3527,2
3528,1
3529,0
3530,1
3531,1
3532,2
3533,2
3534,2
3535,0
3536,0
3537,1
3538,1
3539,2
3540,0
3541,2
3542,2
3543,1
3544,2
3545,2
3546,2
3547,2
3548,2
3549,2
3550,1
3551,2
3552,0
3553,2
3554,2
3555,0
3556,2
3557,2
3558,1
3559,2
3560,0
3561,1
3562,0
3563,2
3564,0
3565,1
3566,1
3567,1
3568,0
3569,2
3570,0
3571,2
3572,0
3573,1
3574,1
3575,0
3576,2
3577,0
3578,0
3579,2
3580,0
3581,0
3582,0
3583,0
3584,2
3585,0
3586,0
3587,2
3588,2
3589,1
3590,0
3591,1
3592,2
3593,2
3594,2
3595,2
3596,2
3597,1
3598,0
3599,0
3600,0
3601,0
3602,2
3603,0
3604,0
3605,2
3606,2
3607,1
3608,0
3609,0
3610,2
3611,2
3612,2
3613,2
3614,1
3615,2
3616,2
3617,2
3618,2
3619,2
3620,1
3621,0
3622,2
3623,0
3624,1
3625,2
3626,2
3627,0
3628,2
3629,1
3630,1
3631,2
3632,2
3633,0
3634,0
3635,0
3636,1
3637,0
3638,2
3639,1
3640,0
3641,2
3642,2
3643,0
3644,2
3645,2
3646,2
3647,1
3648,2
3649,1
3650,2
3651,0
3652,2
3653,1
3654,2
3655,0
3656,2
3657,0
3658,2
3659,2
3660,0
3661,1
3662,1
3663,2
3664,2
3665,0
3666,0
3667,1
3668,0
3669,0
3670,0
3671,2
3672,2
3673,1
3674,0
3675,0
3676,0
3677,1
3678,2
3679,1
3680,0
3681,0
3682,0
3683,0
3684,2
3685,1
3686,0
3687,2
3688,2
3689,1
3690,2
3691,1
3692,0
3693,1
3694,1
3695,2
3696,2
3697,0
3698,1
3699,2
3700,2
3701,2
3702,2
3703,0
3704,2
3705,2
3706,1
3707,0
3708,1
3709,0
3710,2
3711,1
3712,1
3713,0
3714,2
3715,0
3716,2
3717,0
3718,1
3719,1
3720,1
3721,2
3722,0
3723,2
3724,2
3725,2
3726,0
3727,2
3728,0
3729,2
3730,0
3731,1
3732,0
3733,2
3734,0
3735,1
3736,0
3737,2
3738,1
3739,0
3740,1
3741,2
3742,1
3743,1
3744,0
3745,1
3746,0
3747,2
3748,2
3749,0
3750,1
3751,2
3752,1
3753,2
3754,2
3755,0
3756,0
3757,0
3758,2
3759,0
3760,0
3761,2
3762,1
3763,1
3764,2
3765,2
3766,0
3767,2
3768,2
3769,1
3770,2
3771,1
3772,2
3773,1
3774,2
3775,2
3776,2
3777,1
3778,2
3779,1
3780,2
3781,1
3782,2
3783,1
3784,1
3785,0
3786,1
3787,2
3788,0
3789,0
3790,2
3791,2
3792,1
3793,1
3794,1
3795,2
3796,2
3797,1
3798,2
3799,2
3800,2
3801,0
3802,0
3803,0
3804,2
3805,0
3806,0
3807,2
3808,2
3809,0
3810,2
3811,1
3812,1
3813,0
3814,2
3815,2
3816,2
3817,2
3818,0
3819,2
3820,2
3821,2
3822,0
3823,2
3824,2
3825,2
3826,2
3827,0
3828,2
3829,2
3830,0
3831,1
3832,0
3833,0
3834,0
3835,0
3836,2
3837,1
3838,2
3839,1
3840,2
3841,2
3842,1
3843,1
3844,2
3845,2
3846,0
3847,2
3848,2
3849,0
3850,0
3851,2
3852,2
3853,2
3854,2
3855,0
3856,0
3857,2
3858,2
3859,2
3860,1
3861,2
3862,1
3863,0
3864,1
3865,0
3866,2
3867,2
3868,0
3869,1
3870,2
3871,2
3872,2
3873,0
3874,2
3875,2
3876,2
3877,2
3878,0
3879,2
3880,2
3881,2
3882,0
3883,2
3884,2
3885,1
3886,2
3887,0
3888,2
3889,2
3890,1
3891,0
3892,0
3893,1
3894,2
3895,0
3896,0
3897,1
3898,2
3899,2
3900,2
3901,2
3902,1
3903,2
3904,1
3905,2
3906,1
3907,2
3908,0
3909,2
3910,2
3911,1
3912,0
3913,1
3914,1
3915,2
3916,0
3917,2
3918,0
3919,2
3920,1
3921,2
3922,0
3923,2
3924,0
3925,2
3926,2
3927,0
3928,1
3929,0
3930,0
3931,2
3932,2
3933,1
3934,0
3935,2
3936,1
3937,2
3938,2
3939,1
3940,1
3941,0
3942,1
3943,0
3944,1
3945,2
3946,2
3947,2
3948,1
3949,1
3950,2
3951,2
3952,0
3953,0
3954,1
3955,2
3956,0
3957,1
3958,2
3959,2
3960,1
3961,0
3962,2
3963,0
3964,2
3965,0
3966,2
3967,0
3968,2
3969,2
3970,2
3971,2
3972,1
3973,2
3974,2
3975,1
3976,0
3977,2
3978,0
3979,1
3980,2
3981,2
3982,0
3983,1
3984,2
3985,1
3986,0
3987,0
3988,2
3989,2
3990,0
3991,1
3992,0
3993,2
3994,2
3995,2
3996,2
3997,0
3998,2
3999,0
4000,1
4001,0
4002,1
4003,2
4004,1
4005,0
4006,0
4007,2
4008,1
4009,1
4010,2
4011,2
4012,1
4013,2
4014,1
4015,0
4016,0
4017,0
4018,2
4019,0
4020,0
4021,1
4022,2
4023,0
4024,1
4025,1
4026,2
4027,2
4028,0
4029,0
4030,2
4031,0
4032,0
4033,2
4034,0
4035,2
4036,0
4037,0
4038,0
4039,0
4040,2
4041,0
4042,1
4043,2
4044,2
4045,0
4046,0
4047,1
4048,2
4049,0
4050,1
4051,2
4052,1
4053,0
4054,1
4055,2
4056,2
4057,1
4058,2
4059,1
4060,2
4061,0
4062,2
4063,2
4064,0
4065,1
4066,0
4067,2
4068,0
4069,2
4070,1
4071,0
4072,0
4073,2
4074,2
4075,0
4076,0
4077,0
4078,1
4079,2
4080,1
4081,2
4082,0
4083,0
4084,0
4085,2
4086,0
4087,1
4088,2
4089,0
4090,2
4091,2
4092,1
4093,1
4094,2
4095,0
4096,2
4097,2
4098,2
4099,2
4100,2
4101,2
4102,1
4103,2
4104,1
4105,1
4106,2
4107,2
4108,1
4109,0
4110,1
4111,1
4112,0
4113,0
4114,0
4115,2
4116,2
4117,2
4118,2
4119,0
4120,2
4121,0
4122,1
4123,2
4124,1
4125,2
4126,1
4127,2
4128,0
4129,2
4130,1
4131,0
4132,2
4133,2
4134,2
4135,0
4136,2
4137,2
4138,1
4139,2
4140,1
4141,1
4142,1
4143,1
4144,0
4145,0
4146,2
4147,2
4148,1
4149,0
4150,0
4151,2
4152,2
4153,2
4154,2
4155,2
4156,2
4157,0
4158,2
4159,1
4160,0
4161,0
4162,2
4163,2
4164,0
4165,1
4166,2
4167,2
4168,0
4169,0
4170,0
4171,2
4172,2
4173,1
4174,2
4175,0
4176,2
4177,2
4178,0
4179,1
4180,2
4181,1
4182,1
4183,2
4184,2
4185,2
4186,2
4187,1
4188,2
4189,2
4190,1
4191,2
4192,0
4193,2
4194,0
4195,0
4196,0
4197,2
4198,2
4199,0
4200,0
4201,0
4202,1
4203,1
4204,2
4205,2
4206,0
4207,2
4208,2
4209,0
4210,2
4211,1
4212,2
4213,0
4214,0
4215,1
4216,2
4217,0
4218,2
4219,1
4220,2
4221,1
4222,2
4223,1
4224,2
4225,0
4226,0
4227,0
4228,1
4229,1
4230,2
4231,0
4232,1
4233,2
4234,1
4235,2
4236,1
4237,2
4238,2
4239,0
4240,1
4241,2
4242,2
4243,2
4244,2
4245,1
4246,2
4247,2
4248,0
4249,1
4250,2
4251,2
4252,0
4253,2
4254,2
4255,1
4256,2
4257,2
4258,0
4259,2
4260,1
4261,0
4262,1
4263,1
4264,1
4265,2
4266,0
4267,2
4268,2
4269,2
4270,2
4271,1
4272,0
4273,0
4274,2
4275,0
4276,1
4277,2
4278,2
4279,2
4280,1
4281,1
4282,2
4283,2
4284,0
4285,1
4286,2
4287,2
4288,1
4289,1
4290,2
4291,2
4292,2
4293,2
4294,2
4295,0
4296,1
4297,2
4298,2
4299,2
4300,0
4301,1
4302,2
4303,0
4304,1
4305,1
4306,1
4307,2
4308,0
4309,2
4310,0
4311,0
4312,2
4313,0
4314,0
4315,2
4316,0
4317,0
4318,1
4319,1
4320,0
4321,0
4322,2
4323,0
4324,0
4325,1
4326,1
4327,2
4328,2
4329,2
4330,0
4331,0
4332,2
4333,0
4334,0
4335,2
4336,2
4337,2
4338,1
4339,2
4340,2
4341,0
4342,0
4343,1
4344,1
4345,2
4346,0
4347,2
4348,2
4349,2
4350,2
4351,1
4352,1
4353,0
4354,1
4355,0
4356,2
4357,2
4358,2
4359,2
4360,0
4361,0
4362,2
4363,0
4364,1
4365,2
4366,0
4367,2
4368,1
4369,2
4370,2
4371,0
4372,2
4373,0
4374,1
4375,2
4376,0
4377,0
4378,2
4379,2
4380,1
4381,2
4382,1
4383,2
4384,1
4385,1
4386,2
4387,0
4388,0
4389,2
4390,2
4391,2
4392,1
4393,2
4394,2
4395,0
4396,0
4397,2
4398,2
4399,1
4400,2
4401,2
4402,2
4403,1
4404,0
4405,1
4406,2
4407,1
4408,2
4409,2
4410,1
4411,2
4412,1
4413,0
4414,2
4415,1
4416,0
4417,2
4418,2
4419,2
4420,2
4421,2
4422,1
4423,0
4424,1
4425,1
4426,1
4427,1
4428,2
4429,1
4430,0
4431,1
4432,2
4433,2
4434,2
4435,2
4436,2
4437,1
4438,0
4439,0
4440,0
4441,0
4442,0
4443,2
4444,1
4445,2
4446,0
4447,2
4448,1
4449,2
4450,0
4451,2
4452,1
4453,0
4454,2
4455,2
4456,1
4457,1
4458,0
4459,2
4460,0
4461,1
4462,1
4463,0
4464,0
4465,0
4466,2
4467,1
4468,0
4469,1
4470,1
4471,0
4472,2
4473,2
4474,1
4475,1
4476,2
4477,2
4478,2
4479,1
4480,2
4481,2
4482,1
4483,2
4484,2
4485,2
4486,2
4487,0
4488,0
4489,2
4490,0
4491,1
4492,0
4493,0
4494,2
4495,1
4496,1
4497,0
4498,2
4499,0
4500,1
4501,1
4502,2
4503,2
4504,1
4505,1
4506,2
4507,2
4508,2
4509,0
4510,2
4511,2
4512,1
4513,2
4514,2
4515,2
4516,0
4517,2
4518,1
4519,0
4520,0
4521,0
4522,2
4523,2
4524,2
4525,1
4526,0
4527,0
4528,1
4529,0
4530,1
4531,1
4532,1
4533,0
4534,2
4535,2
4536,0
4537,1
4538,2
4539,0
4540,0
4541,0
4542,2
4543,2
4544,2
4545,1
4546,2
4547,0
4548,0
4549,0
4550,0
4551,0
4552,0
4553,2
4554,0
4555,1
4556,1
4557,2
4558,2
4559,2
4560,0
4561,1
4562,2
4563,1
4564,0
4565,0
4566,1
4567,0
4568,0
4569,1
4570,2
4571,2
4572,2
4573,2
4574,0
4575,2
4576,0
4577,2
4578,2
4579,2
4580,1
4581,2
4582,2
4583,1
4584,0
4585,0
4586,1
4587,2
4588,1
4589,0
4590,2
4591,2
4592,1
4593,2
4594,2
4595,2
4596,0
4597,2
4598,2
4599,2
4600,0
4601,1
4602,1
4603,0
4604,2
4605,2
4606,0
4607,2
4608,2
4609,2
4610,2
4611,2
4612,2
4613,0
4614,2
4615,2
4616,1
4617,2
4618,2
4619,1
4620,2
4621,2
4622,2
4623,0
4624,2
4625,1
4626,0
4627,2
4628,1
4629,2
4630,2
4631,2
4632,2
4633,1
4634,1
4635,1
4636,2
4637,1
4638,1
4639,2
4640,0
4641,2
4642,1
4643,2
4644,0
4645,2
4646,2
4647,2
4648,1
4649,1
4650,2
4651,0
4652,2
4653,0
4654,1
4655,0
4656,0
4657,1
4658,2
4659,0
4660,1
4661,2
4662,0
4663,0
4664,0
4665,2
4666,1
4667,1
4668,1
4669,2
4670,2
4671,0
4672,2
4673,0
4674,1
4675,1
4676,1
4677,1
4678,2
4679,2
4680,1
4681,2
4682,2
4683,2
4684,1
4685,2
4686,1
4687,2
4688,0
4689,2
4690,0
4691,2
4692,2
4693,0
4694,2
4695,1
4696,0
4697,2
4698,0
4699,1
4700,2
4701,2
4702,0
4703,2
4704,2
4705,1
4706,1
4707,1
4708,2
4709,1
4710,0
4711,0
4712,2
4713,1
4714,2
4715,2
4716,2
4717,2
4718,0
4719,2
4720,1
4721,2
4722,0
4723,0
4724,0
4725,2
4726,2
4727,0
4728,1
4729,0
4730,0
4731,1
4732,0
4733,1
4734,2
4735,2
4736,0
4737,1
4738,1
4739,0
4740,2
4741,2
4742,1
4743,0
4744,2
4745,0
4746,1
4747,1
4748,0
4749,1
4750,2
4751,0
4752,1
4753,1
4754,0
4755,1
4756,1
4757,2
4758,2
4759,2
4760,1
4761,1
4762,1
4763,2
4764,2
4765,2
4766,0
4767,2
4768,2
4769,2
4770,1
4771,1
4772,2
4773,1
4774,1
4775,1
4776,1
4777,2
4778,0
4779,1
4780,2
4781,2
4782,2
4783,0
4784,0
4785,1
4786,0
4787,2
4788,1
4789,1
4790,2
4791,2
4792,1
4793,1
4794,2
4795,2
4796,0
4797,1
4798,2
4799,1
4800,2
4801,1
4802,1
4803,1
4804,2
4805,1
4806,2
4807,2
4808,2
4809,2
4810,2
4811,0
4812,1
4813,0
4814,2
4815,0
4816,0
4817,1
4818,2
4819,2
4820,0
4821,2
4822,2
4823,2
4824,2
4825,2
4826,2
4827,2
4828,0
4829,0
4830,2
4831,0
4832,0
4833,1
4834,2
4835,0
4836,1
4837,1
4838,2
4839,0
4840,0
4841,2
4842,2
4843,1
4844,0
4845,2
4846,2
4847,2
4848,0
4849,2
4850,0
4851,2
4852,2
4853,2
4854,1
4855,1
4856,2
4857,1
4858,0
4859,2
4860,2
4861,2
4862,0
4863,1
4864,2
4865,2
4866,2
4867,2
4868,2
4869,2
4870,2
4871,1
4872,2
4873,2
4874,2
4875,2
4876,0
4877,1
4878,2
4879,2
4880,0
4881,2
4882,0
4883,2
4884,0
4885,2
4886,1
4887,1
4888,0
4889,2
4890,1
4891,0
4892,2
4893,0
4894,2
4895,0
4896,0
4897,2
4898,2
4899,1
4900,2
4901,0
4902,0
4903,2
4904,2
4905,1
4906,2
4907,0
4908,0
4909,2
4910,2
4911,2
4912,2
4913,2
4914,2
4915,0
4916,2
4917,2
4918,0
4919,0
4920,0
4921,2
4922,2
4923,2
4924,1
4925,0
4926,2
4927,0
4928,2
4929,1
4930,1
4931,2
4932,2
4933,1
4934,0
4935,1
4936,2
4937,2
4938,0
4939,2
4940,1
4941,1
4942,0
4943,1
4944,2
4945,2
4946,0
4947,0
4948,2
4949,1
4950,0
4951,1
4952,2
4953,2
4954,0
4955,2
4956,2
4957,2
4958,2
4959,2
4960,2
4961,0
4962,1
4963,2
4964,2
4965,0
4966,0
4967,2
4968,1
4969,0
4970,0
4971,0
4972,2
4973,2
4974,1
4975,2
4976,1
4977,1
4978,2
4979,2
4980,1
4981,2
4982,2
4983,1
4984,2
4985,1
4986,2
4987,2
4988,0
4989,0
4990,0
4991,2
4992,2
4993,2
4994,2
4995,2
4996,2
4997,0
4998,2
4999,1
5000,0
5001,0
5002,2
5003,1
5004,0
5005,2
5006,0
5007,2
5008,2
5009,0
5010,2
5011,2
5012,0
5013,1
5014,0
5015,2
5016,2
5017,2
5018,1
5019,2
5020,2
5021,0
5022,0
5023,0
5024,2
5025,2
5026,0
5027,0
5028,2
5029,2
5030,1
5031,0
5032,1
5033,2
5034,1
5035,2
5036,2
5037,1
5038,0
5039,1
5040,0
5041,2
5042,0
5043,2
5044,0
5045,0
5046,2
5047,0
5048,0
5049,2
5050,0
5051,0
5052,0
5053,2
5054,2
5055,2
5056,1
5057,0
5058,0
5059,1
5060,2
5061,2
5062,0
5063,2
5064,0
5065,0
5066,0
5067,2
5068,0
5069,0
5070,2
5071,2
5072,1
5073,2
5074,2
5075,0
5076,1
5077,1
5078,2
5079,2
5080,0
5081,0
5082,2
5083,0
5084,1
5085,2
5086,1
5087,0
5088,2
5089,2
5090,2
5091,1
5092,1
5093,0
5094,1
5095,2
5096,0
5097,1
5098,0
5099,2
5100,0
5101,0
5102,1
5103,0
5104,0
5105,2
5106,0
5107,0
5108,2
5109,2
5110,1
5111,0
5112,2
5113,2
5114,0
5115,1
5116,0
5117,0
5118,0
5119,1
5120,2
5121,0
5122,1
5123,2
5124,2
5125,2
5126,2
5127,2
5128,1
5129,2
5130,0
5131,2
5132,0
5133,0
5134,2
5135,2
5136,0
5137,2
5138,0
5139,2
5140,0
5141,2
5142,2
5143,2
5144,0
5145,0
5146,2
5147,2
5148,2
5149,1
5150,0
5151,0
5152,2
5153,2
5154,1
5155,1
5156,2
5157,2
5158,2
5159,2
5160,0
5161,1
5162,2
5163,1
5164,2
5165,0
5166,2
5167,2
5168,2
5169,2
5170,0
5171,2
5172,2
5173,0
5174,1
5175,0
5176,2
5177,1
5178,2
5179,1
5180,2
5181,1
5182,0
5183,2
5184,1
5185,2
5186,0
5187,0
5188,1
5189,0
5190,2
5191,1
5192,0
5193,2
5194,2
5195,1
5196,0
5197,0
5198,2
5199,2
5200,2
5201,0
5202,0
5203,2
5204,0
5205,0
5206,0
5207,2
5208,2
5209,0
5210,0
5211,2
5212,0
5213,2
5214,0
5215,1
5216,0
5217,0
5218,0
5219,2
5220,2
5221,0
5222,0
5223,2
5224,2
5225,2
5226,0
5227,1
5228,0
5229,1
5230,1
5231,0
5232,0
5233,2
5234,2
5235,2
5236,1
5237,1
5238,1
5239,2
5240,1
5241,2
5242,0
5243,1
5244,1
5245,0
5246,2
5247,2
5248,2
5249,0
5250,2
5251,1
5252,2
5253,0
5254,2
5255,1
5256,0
5257,2
5258,0
5259,2
5260,1
5261,0
5262,0
5263,2
5264,2
5265,1
5266,2
5267,2
5268,2
5269,0
5270,2
5271,2
5272,0
5273,2
5274,0
5275,0
5276,0
5277,1
5278,2
5279,2
5280,2
5281,2
5282,2
5283,2
5284,2
5285,0
5286,2
5287,2
5288,0
5289,2
5290,0
5291,0
5292,0
5293,0
5294,2
5295,0
5296,0
5297,0
5298,0
5299,1
5300,2
5301,2
5302,2
5303,1
5304,0
5305,1
5306,2
5307,1
5308,2
5309,2
5310,0
5311,0
5312,1
5313,1
5314,2
5315,0
5316,0
5317,0
5318,1
5319,2
5320,2
5321,0
5322,2
5323,0
5324,2
5325,2
5326,1
5327,1
5328,0
5329,1
5330,2
5331,2
5332,0
5333,1
5334,2
5335,2
5336,2
5337,2
5338,2
5339,2
5340,2
5341,2
5342,1
5343,1
5344,1
5345,0
5346,2
5347,0
5348,0
5349,1
5350,2
5351,2
5352,2
5353,0
5354,2
5355,1
5356,2
5357,2
5358,1
5359,0
5360,2
5361,0
5362,2
5363,1
5364,0
5365,0
5366,2
5367,0
5368,0
5369,2
5370,2
5371,1
5372,2
5373,0
5374,2
5375,2
5376,1
5377,1
5378,2
5379,2
5380,1
5381,0
5382,2
5383,2
5384,2
5385,0
5386,0
5387,2
5388,0
5389,1
5390,2
5391,0
5392,0
5393,2
5394,2
5395,0
5396,0
5397,1
5398,2
5399,2
5400,2
5401,1
5402,2
5403,1
5404,2
5405,0
5406,1
5407,2
5408,0
5409,0
5410,2
5411,1
5412,2
5413,2
5414,1
5415,0
5416,2
5417,0
5418,2
5419,2
5420,1
5421,0
5422,2
5423,1
5424,0
5425,1
5426,2
5427,0
5428,1
5429,2
5430,2
5431,0
5432,0
5433,2
5434,0
5435,2
5436,0
5437,2
5438,1
5439,0
5440,0
5441,0
5442,2
5443,2
5444,0
5445,1
5446,0
5447,2
5448,0
5449,0
5450,2
5451,1
5452,2
5453,2
5454,1
5455,0
5456,2
5457,0
5458,2
5459,0
5460,2
5461,0
5462,1
5463,1
5464,1
5465,2
5466,0
5467,2
5468,2
5469,0
5470,1
5471,1
5472,2
5473,1
5474,1
5475,2
5476,1
5477,1
5478,2
5479,2
5480,2
5481,2
5482,0
5483,0
5484,2
5485,0
5486,2
5487,0
5488,1
5489,2
5490,0
5491,0
5492,1
5493,1
5494,2
5495,2
5496,0
5497,2
5498,2
5499,1
5500,2
5501,2
5502,1
5503,2
5504,1
5505,0
5506,2
5507,2
5508,2
5509,1
5510,1
5511,1
5512,1
5513,2
5514,2
5515,0
5516,1
5517,2
5518,1
5519,0
5520,1
5521,1
5522,2
5523,0
5524,2
5525,0
5526,2
5527,0
5528,2
5529,2
5530,2
5531,2
5532,2
5533,0
5534,0
5535,1
5536,0
5537,2
5538,1
5539,0
5540,2
5541,1
5542,0
5543,2
5544,0
5545,0
5546,2
5547,1
5548,2
5549,1
5550,2
5551,0
5552,0
5553,0
5554,2
5555,0
5556,1
5557,2
5558,0
5559,0
5560,0
5561,0
5562,0
5563,1
5564,2
5565,2
5566,2
5567,1
5568,0
5569,0
5570,2
5571,2
5572,0
5573,0
5574,1
5575,1
5576,1
5577,1
5578,0
5579,1
5580,0
5581,1
5582,1
5583,2
5584,0
5585,2
5586,1
5587,0
5588,0
5589,1
5590,2
5591,0
5592,1
5593,1
5594,2
5595,0
5596,2
5597,0
5598,2
5599,0
5600,2
5601,0
5602,0
5603,2
5604,2
5605,1
5606,2
5607,1
5608,2
5609,2
5610,1
5611,0
5612,1
5613,1
5614,0
5615,2
5616,0
5617,1
5618,0
5619,2
5620,1
5621,0
5622,1
5623,2
5624,1
5625,0
5626,1
5627,0
5628,1
5629,0
5630,2
5631,1
5632,2
5633,0
5634,1
5635,1
5636,1
5637,1
5638,0
5639,2
5640,0
5641,1
5642,2
5643,1
5644,0
5645,2
5646,0
5647,0
5648,2
5649,1
5650,1
5651,1
5652,1
5653,2
5654,0
5655,0
5656,2
5657,0
5658,0
5659,2
5660,2
5661,2
5662,2
5663,1
5664,0
5665,0
5666,2
5667,2
5668,2
5669,1
5670,2
5671,0
5672,2
5673,0
5674,0
5675,0
5676,1
5677,2
5678,0
5679,2
5680,1
5681,0
5682,2
5683,1
5684,2
5685,2
5686,0
5687,2
5688,2
5689,0
5690,2
5691,2
5692,0
5693,0
5694,0
5695,1
5696,0
5697,0
5698,1
5699,2
5700,1
5701,1
5702,1
5703,2
5704,2
5705,0
5706,2
5707,0
5708,1
5709,1
5710,2
5711,0
5712,0
5713,0
5714,1
5715,0
5716,0
5717,0
5718,2
5719,1
5720,2
5721,2
5722,1
5723,1
5724,2
5725,0
5726,2
5727,1
5728,1
5729,2
5730,2
5731,2
5732,1
5733,2
5734,2
5735,2
5736,0
5737,1
5738,0
5739,2
5740,2
5741,1
5742,1
5743,0
5744,0
5745,2
5746,2
5747,2
5748,2
5749,1
5750,2
5751,2
5752,2
5753,0
5754,0
5755,2
5756,2
5757,2
5758,1
5759,2
5760,0
5761,2
5762,2
5763,0
5764,1
5765,2
5766,2
5767,0
5768,0
5769,0
5770,2
5771,0
5772,1
5773,0
5774,2
5775,1
5776,2
5777,1
5778,0
5779,0
5780,0
5781,1
5782,1
5783,0
5784,0
5785,0
5786,2
5787,2
5788,0
5789,0
5790,0
5791,1
5792,2
5793,0
5794,0
5795,1
5796,2
5797,1
5798,2
5799,2
5800,2
5801,2
5802,2
5803,0
5804,0
5805,0
5806,0
5807,0
5808,1
5809,0
5810,0
5811,1
5812,2
5813,2
5814,1
5815,1
5816,2
5817,0
5818,0
5819,1
5820,0
5821,0
5822,0
5823,0
5824,0
5825,2
5826,2
5827,2
5828,2
5829,1
5830,2
5831,1
5832,2
5833,0
5834,2
5835,1
5836,2
5837,1
5838,2
5839,0
5840,1
5841,0
5842,2
5843,2
5844,2
5845,0
5846,0
5847,2
5848,1
5849,2
5850,0
5851,2
5852,0
5853,2
5854,2
5855,2
5856,0
5857,0
5858,2
5859,0
5860,0
5861,2
5862,0
5863,1
5864,2
5865,2
5866,2
5867,0
5868,0
5869,2
5870,0
5871,0
5872,0
5873,2
5874,0
5875,0
5876,0
5877,2
5878,2
5879,0
5880,0
5881,2
5882,2
5883,0
5884,2
5885,0
5886,2
5887,2
5888,0
5889,0
5890,2
5891,1
5892,0
5893,2
5894,2
5895,0
5896,1
5897,0
5898,1
5899,2
5900,0
5901,2
5902,2
5903,0
5904,0
5905,0
5906,2
5907,0
5908,1
5909,1
5910,1
5911,2
5912,1
5913,0
5914,0
5915,2
5916,1
5917,2
5918,2
5919,1
5920,1
5921,0
5922,2
5923,2
5924,2
5925,1
5926,0
5927,0
5928,1
5929,1
5930,1
5931,0
5932,2
5933,2
5934,0
5935,0
5936,2
5937,2
5938,1
5939,0
5940,0
5941,0
5942,2
5943,0
5944,0
5945,2
5946,2
5947,1
5948,2
5949,0
5950,0
5951,0
5952,0
5953,1
5954,2
5955,0
5956,1
5957,1
5958,2
5959,1
5960,2
5961,0
5962,0
5963,2
5964,0
5965,2
5966,1
5967,0
5968,0
5969,2
5970,2
5971,2
5972,2
5973,2
5974,1
5975,2
5976,2
5977,2
5978,1
5979,2
5980,1
5981,2
5982,1
5983,2
5984,2
5985,0
5986,2
5987,0
5988,0
5989,2
5990,0
5991,0
5992,1
5993,1
5994,2
5995,0
5996,2
5997,0
5998,1
5999,2
6000,2
6001,2
6002,2
6003,2
6004,1
6005,1
6006,1
6007,0
6008,2
6009,2
6010,0
6011,0
6012,2
6013,0
6014,0
6015,0
6016,0
6017,0
6018,1
6019,1
6020,2
6021,1
6022,0
6023,1
6024,2
6025,2
6026,0
6027,2
6028,1
6029,0
6030,2
6031,1
6032,1
6033,2
6034,0
6035,2
6036,2
6037,2
6038,1
6039,2
6040,1
6041,1
6042,1
6043,0
6044,2
6045,1
6046,2
6047,1
6048,1
6049,2
6050,0
6051,0
6052,2
6053,1
6054,2
6055,2
6056,0
6057,0
6058,1
6059,0
6060,1
6061,0
6062,0
6063,2
6064,1
6065,2
6066,1
6067,0
6068,0
6069,0
6070,1
6071,2
6072,1
6073,2
6074,2
6075,2
6076,0
6077,0
6078,0
6079,0
6080,0
6081,0
6082,1
6083,2
6084,1
6085,1
6086,0
6087,2
6088,2
6089,0
6090,1
6091,1
6092,1
6093,1
6094,0
6095,1
6096,2
6097,2
6098,1
6099,2
6100,2
6101,0
6102,0
6103,1
6104,1
6105,2
6106,2
6107,2
6108,2
6109,0
6110,2
6111,1
6112,2
6113,1
6114,2
6115,1
6116,2
6117,1
6118,0
6119,0
6120,2
6121,2
6122,0
6123,1
6124,1
6125,0
6126,2
6127,0
6128,2
6129,0
6130,2
6131,2
6132,2
6133,0
6134,2
6135,2
6136,2
6137,1
6138,2
6139,1
6140,2
6141,1
6142,2
6143,0
6144,0
6145,1
6146,2
6147,1
6148,2
6149,0
6150,2
6151,0
6152,0
6153,0
6154,1
6155,2
6156,0
6157,2
6158,0
6159,2
6160,2
6161,0
6162,2
6163,2
6164,1
6165,1
6166,1
6167,2
6168,2
6169,2
6170,1
6171,1
6172,1
6173,0
6174,1
6175,1
6176,2
6177,2
6178,2
6179,2
6180,1
6181,2
6182,0
6183,0
6184,0
6185,2
6186,1
6187,2
6188,2
6189,2
6190,2
6191,0
6192,2
6193,2
6194,1
6195,0
6196,0
6197,0
6198,0
6199,0
6200,1
6201,1
6202,0
6203,2
6204,1
6205,1
6206,2
6207,2
6208,0
6209,0
6210,2
6211,1
6212,2
6213,0
6214,0
6215,1
6216,1
6217,0
6218,0
6219,0
6220,0
6221,0
6222,2
6223,2
6224,0
6225,2
6226,1
6227,0
6228,0
6229,0
6230,2
6231,0
6232,0
6233,2
6234,2
6235,2
6236,2
6237,0
6238,1
6239,0
6240,2
6241,2
6242,1
6243,0
6244,1
6245,1
6246,2
6247,2
6248,1
6249,2
6250,2
6251,1
6252,0
6253,2
6254,0
6255,2
6256,0
6257,2
6258,2
6259,1
6260,0
6261,2
6262,2
6263,1
6264,0
6265,2
6266,0
6267,2
6268,0
6269,1
6270,0
6271,0
6272,2
6273,2
6274,0
6275,0
6276,1
6277,1
6278,0
6279,2
6280,1
6281,0
6282,2
6283,2
6284,2
6285,2
6286,1
6287,2
6288,1
6289,1
6290,1
6291,1
6292,1
6293,1
6294,2
6295,2
6296,0
6297,0
6298,1
6299,0
6300,2
6301,2
6302,2
6303,1
6304,0
6305,0
6306,2
6307,1
6308,1
6309,1
6310,2
6311,2
6312,0
6313,1
6314,1
6315,1
6316,2
6317,1
6318,2
6319,0
6320,2
6321,2
6322,2
6323,1
6324,1
6325,2
6326,2
6327,2
6328,2
6329,2
6330,0
6331,1
6332,2
6333,1
6334,2
6335,2
6336,1
6337,0
6338,2
6339,0
6340,1
6341,1
6342,2
6343,0
6344,2
6345,2
6346,0
6347,2
6348,2
6349,0
6350,2
6351,0
6352,2
6353,2
6354,0
6355,2
6356,2
6357,0
6358,2
6359,2
6360,1
6361,2
6362,0
6363,0
6364,1
6365,2
6366,2
6367,0
6368,2
6369,0
6370,2
6371,1
6372,0
6373,2
6374,1
6375,2
6376,1
6377,1
6378,2
6379,2
6380,0
6381,2
6382,2
6383,2
6384,1
6385,0
6386,2
6387,1
6388,2
6389,0
6390,2
6391,0
6392,2
6393,2
6394,0
6395,2
6396,2
6397,1
6398,1
6399,2
6400,2
6401,2
6402,2
6403,1
6404,0
6405,2
6406,0
6407,0
6408,0
6409,1
6410,0
6411,0
6412,1
6413,0
6414,2
6415,1
6416,1
6417,0
6418,2
6419,1
6420,1
6421,2
6422,0
6423,0
6424,1
6425,0
6426,1
6427,0
6428,0
6429,0
6430,0
6431,0
6432,0
6433,1
6434,0
6435,1
6436,0
6437,0
6438,2
6439,1
6440,1
6441,2
6442,2
6443,2
6444,1
6445,2
6446,2
6447,1
6448,2
6449,1
6450,1
6451,0
6452,2
6453,0
6454,0
6455,0
6456,1
6457,0
6458,2
6459,2
6460,2
6461,2
6462,1
6463,0
6464,2
6465,2
6466,1
6467,2
6468,0
6469,2
6470,2
6471,0
6472,2
6473,1
6474,2
6475,1
6476,2
6477,1
6478,2
6479,1
6480,0
6481,2
6482,1
6483,0
6484,0
6485,2
6486,2
6487,0
6488,1
6489,2
6490,1
6491,2
6492,1
6493,1
6494,2
6495,1
6496,0
6497,1
6498,2
6499,2
6500,1
6501,0
6502,2
6503,1
6504,2
6505,2
6506,0
6507,2
6508,0
6509,2
6510,0
6511,2
6512,1
6513,2
6514,1
6515,1
6516,1
6517,1
6518,0
6519,2
6520,0
6521,1
6522,1
6523,1
6524,0
6525,0
6526,0
6527,1
6528,2
6529,2
6530,2
6531,1
6532,1
6533,0
6534,2
6535,1
6536,0
6537,2
6538,2
6539,0
6540,1
6541,2
6542,2
6543,0
6544,1
6545,2
6546,0
6547,0
6548,2
6549,2
6550,1
6551,2
6552,0
6553,2
6554,1
6555,2
6556,1
6557,2
6558,2
6559,0
6560,2
6561,2
6562,1
6563,2
6564,1
6565,2
6566,1
6567,1
6568,2
6569,0
6570,2
6571,0
6572,1
6573,1
6574,2
6575,0
6576,0
6577,2
6578,2
6579,2
6580,2
6581,2
6582,2
6583,1
6584,2
6585,2
6586,0
6587,1
6588,2
6589,0
6590,2
6591,0
6592,0
6593,0
6594,1
6595,2
6596,2
6597,2
6598,1
6599,1
6600,1
6601,2
6602,0
6603,0
6604,2
6605,2
6606,2
6607,0
6608,2
6609,2
6610,1
6611,1
6612,1
6613,0
6614,1
6615,2
6616,2
6617,0
6618,2
6619,1
6620,2
6621,2
6622,2
6623,2
6624,0
6625,0
6626,2
6627,1
6628,2
6629,1
6630,0
6631,0
6632,2
6633,1
6634,0
6635,2
6636,0
6637,2
6638,0
6639,0
6640,0
6641,1
6642,0
6643,2
6644,2
6645,1
6646,2
6647,2
6648,0
6649,0
6650,2
6651,0
6652,2
6653,0
6654,2
6655,0
6656,0
6657,0
6658,2
6659,0
6660,0
6661,2
6662,0
6663,0
6664,1
6665,0
6666,1
6667,0
6668,2
6669,0
6670,2
6671,2
6672,2
6673,2
6674,2
6675,2
6676,2
6677,2
6678,2
6679,0
6680,2
6681,0
6682,2
6683,1
6684,1
6685,2
6686,1
6687,2
6688,1
6689,2
6690,2
6691,0
6692,1
6693,1
6694,0
6695,0
6696,0
6697,0
6698,2
6699,0
6700,1
6701,2
6702,2
6703,0
6704,2
6705,2
6706,1
6707,2
6708,1
6709,0
6710,2
6711,0
6712,0
6713,2
6714,0
6715,2
6716,2
6717,0
6718,2
6719,0
6720,0
6721,2
6722,0
6723,2
6724,2
6725,0
6726,0
6727,2
6728,0
6729,0
6730,2
6731,0
6732,1
6733,2
6734,2
6735,0
6736,0
6737,0
6738,0
6739,0
6740,0
6741,2
6742,0
6743,0
6744,2
6745,0
6746,2
6747,1
6748,2
6749,0
6750,1
6751,2
6752,1
6753,0
6754,0
6755,2
6756,0
6757,2
6758,2
6759,2
6760,0
6761,2
6762,2
6763,1
6764,2
6765,1
6766,1
6767,2
6768,1
6769,1
6770,2
6771,0
6772,1
6773,1
6774,1
6775,1
6776,2
6777,0
6778,0
6779,2
6780,1
6781,1
6782,2
6783,1
6784,0
6785,1
6786,0
6787,2
6788,1
6789,0
6790,1
6791,0
6792,2
6793,1
6794,2
6795,0
6796,1
6797,0
6798,2
6799,2
6800,0
6801,2
6802,2
6803,2
6804,1
6805,0
6806,2
6807,2
6808,2
6809,2
6810,2
6811,0
6812,0
6813,1
6814,1
6815,1
6816,2
6817,0
6818,2
6819,2
6820,0
6821,2
6822,0
6823,0
6824,0
6825,2
6826,0
6827,1
6828,0
6829,2
6830,0
6831,1
6832,2
6833,0
6834,2
6835,2
6836,0
6837,2
6838,2
6839,1
6840,0
6841,1
6842,2
6843,1
6844,1
6845,2
6846,2
6847,0
6848,1
6849,2
6850,1
6851,2
6852,2
6853,2
6854,2
6855,0
6856,0
6857,2
6858,1
6859,0
6860,2
6861,2
6862,2
6863,0
6864,2
6865,0
6866,1
6867,0
6868,1
6869,1
6870,2
6871,2
6872,1
6873,1
6874,2
6875,2
6876,2
6877,2
6878,2
6879,0
6880,1
6881,2
6882,0
6883,2
6884,0
6885,2
6886,1
6887,0
6888,1
6889,1
6890,2
6891,1
6892,2
6893,0
6894,0
6895,2
6896,2
6897,2
6898,2
6899,1
6900,1
6901,0
6902,2
6903,2
6904,1
6905,0
6906,1
6907,1
6908,2
6909,2
6910,1
6911,1
6912,0
6913,0
6914,1
6915,2
6916,0
6917,2
6918,2
6919,0
6920,0
6921,1
6922,2
6923,2
6924,2
6925,0
6926,0
6927,2
6928,0
6929,2
6930,2
6931,0
6932,1
6933,0
6934,0
6935,0
6936,2
6937,0
6938,0
6939,2
6940,2
6941,0
6942,0
6943,0
6944,2
6945,2
6946,0
6947,2
6948,0
6949,2
6950,0
6951,1
6952,2
6953,0
6954,1
6955,0
6956,2
6957,1
6958,0
6959,1
6960,2
6961,2
6962,2
6963,1
6964,0
6965,0
6966,2
6967,2
6968,1
6969,1
6970,2
6971,2
6972,2
6973,0
6974,1
6975,1
6976,0
6977,2
6978,0
6979,0
6980,0
6981,0
6982,2
6983,0
6984,2
6985,0
6986,2
6987,2
6988,2
6989,2
6990,0
6991,0
6992,2
6993,0
6994,2
6995,2
6996,1
6997,0
6998,0
6999,2
7000,1
7001,0
7002,1
7003,1
7004,2
7005,1
7006,0
7007,2
7008,0
7009,0
7010,0
7011,2
7012,2
7013,2
7014,1
7015,2
7016,0
7017,2
7018,2
7019,1
7020,2
7021,1
7022,2
7023,0
7024,0
7025,2
7026,0
7027,2
7028,0
7029,1
7030,2
7031,1
7032,2
7033,1
7034,2
7035,1
7036,2
7037,1
7038,2
7039,2
7040,1
7041,2
7042,1
7043,0
7044,2
7045,2
7046,1
7047,0
7048,2
7049,0
7050,1
7051,2
7052,2
7053,0
7054,1
7055,1
7056,0
7057,0
7058,0
7059,0
7060,0
7061,2
7062,0
7063,2
7064,2
7065,2
7066,0
7067,2
7068,0
7069,2
7070,2
7071,0
7072,0
7073,1
7074,2
7075,2
7076,2
7077,0
7078,1
7079,1
7080,2
7081,0
7082,2
7083,2
7084,2
7085,1
7086,2
7087,2
7088,0
7089,0
7090,2
7091,0
7092,1
7093,1
7094,2
7095,0
7096,0
7097,1
7098,2
7099,0
7100,2
7101,0
7102,1
7103,2
7104,1
7105,0
7106,2
7107,0
7108,2
7109,0
7110,0
7111,2
7112,0
7113,1
7114,2
7115,0
7116,1
7117,1
7118,0
7119,2
7120,0
7121,0
7122,1
7123,2
7124,1
7125,2
7126,1
7127,2
7128,2
7129,0
7130,1
7131,2
7132,2
7133,2
7134,2
7135,1
7136,2
7137,0
7138,0
7139,2
7140,0
7141,0
7142,2
7143,0
7144,2
7145,0
7146,0
7147,0
7148,1
7149,2
7150,0
7151,1
7152,2
7153,0
7154,2
7155,0
7156,2
7157,2
7158,0
7159,1
7160,2
7161,2
7162,2
7163,0
7164,1
7165,0
7166,0
7167,0
7168,1
7169,0
7170,2
7171,2
7172,2
7173,1
7174,2
7175,0
7176,2
7177,1
7178,2
7179,0
7180,2
7181,1
7182,0
7183,1
7184,2
7185,2
7186,2
7187,2
7188,0
7189,1
7190,1
7191,2
7192,0
7193,1
7194,2
7195,0
7196,1
7197,0
7198,2
7199,0
7200,2
7201,0
7202,1
7203,1
7204,2
7205,0
7206,2
7207,2
7208,2
7209,2
7210,2
7211,1
7212,2
7213,2
7214,2
7215,1
7216,1
7217,0
7218,2
7219,2
7220,2
7221,1
7222,0
7223,0
7224,0
7225,2
7226,0
7227,2
7228,2
7229,0
7230,2
7231,2
7232,1
7233,2
7234,2
7235,2
7236,1
7237,2
7238,2
7239,2
7240,1
7241,2
7242,1
7243,1
7244,2
7245,0
7246,2
7247,0
7248,0
7249,0
7250,1
7251,2
7252,0
7253,0
7254,1
7255,2
7256,0
7257,2
7258,2
7259,0
7260,2
7261,0
7262,2
7263,2
7264,0
7265,2
7266,1
7267,2
7268,2
7269,2
7270,2
7271,1
7272,1
7273,2
7274,2
7275,2
7276,1
7277,0
7278,2
7279,0
7280,1
7281,1
7282,1
7283,2
7284,0
7285,1
7286,2
7287,1
7288,0
7289,2
7290,2
7291,2
7292,2
7293,1
7294,0
7295,1
7296,2
7297,2
7298,2
7299,1
7300,2
7301,2
7302,0
7303,2
7304,2
7305,0
7306,2
7307,0
7308,2
7309,1
7310,2
7311,0
7312,2
7313,0
7314,1
7315,0
7316,2
7317,2
7318,1
7319,1
7320,2
7321,1
7322,1
7323,2
7324,2
7325,1
7326,2
7327,0
7328,2
7329,0
7330,2
7331,1
7332,1
7333,0
7334,0
7335,0
7336,1
7337,1
7338,1
7339,2
7340,1
7341,2
7342,1
7343,2
7344,2
7345,2
7346,0
7347,2
7348,0
7349,1
7350,1
7351,0
7352,0
7353,2
7354,0
7355,2
7356,2
7357,0
7358,0
7359,2
7360,2
7361,1
7362,0
7363,1
7364,0
7365,1
7366,2
7367,2
7368,2
7369,2
7370,2
7371,2
7372,1
7373,2
7374,0
7375,1
7376,0
7377,1
7378,2
7379,2
7380,2
7381,2
7382,2
7383,1
7384,0
7385,2
7386,2
7387,1
7388,2
7389,1
7390,2
7391,1
7392,1
7393,2
7394,2
7395,2
7396,0
7397,1
7398,2
7399,2
7400,2
7401,2
7402,0
7403,2
7404,0
7405,2
7406,2
7407,2
7408,0
7409,1
7410,1
7411,2
7412,0
7413,2
7414,2
7415,1
7416,0
7417,1
7418,1
7419,2
7420,2
7421,0
7422,2
7423,0
7424,2
7425,2
7426,0
7427,0
7428,2
7429,0
7430,0
7431,2
7432,2
7433,0
7434,0
7435,0
7436,0
7437,0
7438,0
7439,2
7440,1
7441,0
7442,2
7443,2
7444,2
7445,2
7446,1
7447,0
7448,1
7449,2
7450,2
7451,0
7452,2
7453,1
7454,1
7455,2
7456,2
7457,1
7458,2
7459,0
7460,2
7461,0
7462,1
7463,1
7464,0
7465,1
7466,2
7467,2
7468,0
7469,1
7470,2
7471,2
7472,1
7473,2
7474,0
7475,2
7476,0
7477,0
7478,1
7479,0
7480,1
7481,2
7482,2
7483,0
7484,2
7485,2
7486,2
7487,0
7488,1
7489,2
7490,1
7491,2
7492,1
7493,1
7494,1
7495,2
7496,1
7497,1
7498,2
7499,1
7500,0
7501,1
7502,0
7503,0
7504,2
7505,0
7506,1
7507,2
7508,1
7509,2
7510,2
7511,0
7512,2
7513,2
7514,1
7515,1
7516,2
7517,2
7518,2
7519,1
7520,0
7521,0
7522,2
7523,0
7524,0
7525,1
7526,2
7527,0
7528,1
7529,0
7530,2
7531,1
7532,1
7533,2
7534,2
7535,2
7536,2
7537,0
7538,1
7539,2
7540,0
7541,1
7542,1
7543,2
7544,2
7545,0
7546,1
7547,1
7548,2
7549,0
7550,2
7551,2
7552,0
7553,0
7554,1
7555,2
7556,2
7557,1
7558,2
7559,2
7560,0
7561,2
7562,0
7563,2
7564,2
7565,2
7566,1
7567,0
7568,0
7569,0
7570,2
7571,0
7572,2
7573,1
7574,0
7575,2
7576,1
7577,2
7578,0
7579,0
7580,0
7581,2
7582,1
7583,0
7584,0
7585,1
7586,2
7587,2
7588,2
7589,2
7590,0
7591,2
7592,2
7593,2
7594,2
7595,1
7596,0
7597,1
7598,0
7599,2
7600,2
7601,1
7602,2
7603,0
7604,1
7605,0
7606,0
7607,2
7608,2
7609,0
7610,1
7611,2
7612,0
7613,2
7614,2
7615,2
7616,2
7617,1
7618,2
7619,0
7620,2
7621,2
7622,2
7623,0
7624,0
7625,1
7626,2
7627,1
7628,2
7629,1
7630,1
7631,0
7632,2
7633,2
7634,0
7635,2
7636,1
7637,1
7638,1
7639,1
7640,0
7641,1
7642,2
7643,1
7644,2
7645,2
7646,1
7647,1
7648,2
7649,1
7650,0
7651,2
7652,0
7653,2
7654,0
7655,2
7656,0
7657,0
7658,1
7659,0
7660,1
7661,0
7662,2
7663,0
7664,0
7665,0
7666,2
7667,2
7668,1
7669,0
7670,0
7671,1
7672,2
7673,2
7674,1
7675,0
7676,0
7677,1
7678,2
7679,2
7680,0
7681,0
7682,2
7683,2
7684,2
7685,2
7686,2
7687,0
7688,2
7689,0
7690,2
7691,1
7692,1
7693,1
7694,1
7695,2
7696,2
7697,0
7698,0
7699,0
7700,2
7701,1
7702,2
7703,0
7704,2
7705,2
7706,1
7707,1
7708,2
7709,2
7710,0
7711,2
7712,1
7713,2
7714,1
7715,0
7716,1
7717,1
7718,1
7719,0
7720,2
7721,2
7722,1
7723,2
7724,0
7725,1
7726,2
7727,0
7728,1
7729,2
7730,0
7731,2
7732,2
7733,2
7734,1
7735,1
7736,2
7737,2
7738,0
7739,1
7740,2
7741,1
7742,1
7743,2
7744,1
7745,1
7746,0
7747,1
7748,0
7749,2
7750,2
7751,0
7752,0
7753,2
7754,2
7755,0
7756,0
7757,0
7758,2
7759,2
7760,2
7761,1
7762,2
7763,2
7764,1
7765,2
7766,2
7767,0
7768,0
7769,2
7770,1
7771,2
7772,0
7773,2
7774,0
7775,2
7776,0
7777,1
7778,1
7779,2
7780,2
7781,1
7782,1
7783,2
7784,2
7785,1
7786,2
7787,1
7788,2
7789,0
7790,2
7791,2
7792,2
7793,1
7794,0
7795,0
7796,2
7797,0
7798,0
7799,2
7800,2
7801,2
7802,1
7803,0
7804,1
7805,0
7806,0
7807,1
7808,2
7809,1
7810,1
7811,1
7812,2
7813,0
7814,1
7815,2
7816,0
7817,0
7818,2
7819,2
7820,1
7821,0
7822,2
7823,1
7824,2
7825,2
7826,1
7827,2
7828,2
7829,1
7830,1
7831,1
7832,1
7833,1
7834,1
7835,1
7836,0
7837,1
7838,1
7839,0
7840,2
7841,0
7842,0
7843,0
7844,0
7845,2
7846,2
7847,0
7848,0
7849,1
7850,2
7851,1
7852,2
7853,1
7854,0
7855,0
7856,0
7857,0
7858,0
7859,1
7860,0
7861,1
7862,2
7863,0
7864,2
7865,2
7866,0
7867,0
7868,2
7869,0
7870,2
7871,2
7872,0
7873,2
7874,0
7875,1
7876,1
7877,2
7878,2
7879,0
7880,2
7881,2
7882,2
7883,1
7884,1
7885,2
7886,1
7887,0
7888,0
7889,0
7890,2
7891,2
7892,2
7893,1
7894,2
7895,1
7896,1
7897,0
7898,0
7899,1
7900,2
7901,1
7902,1
7903,0
7904,2
7905,2
7906,1
7907,0
7908,2
7909,0
7910,0
7911,0
7912,2
7913,0
7914,2
7915,2
7916,1
7917,2
7918,1
7919,2
7920,2
7921,0
7922,2
7923,1
7924,2
7925,0
7926,0
7927,1
7928,2
7929,2
7930,2
7931,2
7932,1
7933,1
7934,2
7935,2
7936,2
7937,0
7938,2
7939,0
7940,2
7941,1
7942,0
7943,1
7944,1
7945,0
7946,2
7947,1
7948,1
7949,0
7950,2
7951,2
7952,1
7953,2
7954,2
7955,1
7956,0
7957,2
7958,2
7959,1
7960,2
7961,2
7962,2
7963,2
7964,2
7965,0
7966,2
7967,2
7968,1
7969,1
7970,0
7971,2
7972,2
7973,2
7974,2
7975,2
7976,2
7977,2
7978,1
7979,2
7980,2
7981,2
7982,1
7983,0
7984,0
7985,1
7986,1
7987,2
7988,0
7989,1
7990,2
7991,2
7992,0
7993,1
7994,2
7995,0
7996,2
7997,0
7998,2
7999,2
8000,0
8001,1
8002,2
8003,2
8004,1
8005,1
8006,2
8007,2
8008,0
8009,1
8010,2
8011,2
8012,2
8013,1
8014,0
8015,1
8016,2
8017,2
8018,2
8019,1
8020,2
8021,1
8022,0
8023,2
8024,1
8025,2
8026,0
8027,1
8028,2
8029,0
8030,2
8031,2
8032,2
8033,2
8034,1
8035,0
8036,0
8037,1
8038,2
8039,0
8040,1
8041,1
8042,0
8043,0
8044,2
8045,1
8046,1
8047,0
8048,2
8049,2
8050,2
8051,1
8052,0
8053,2
8054,0
8055,1
8056,0
8057,2
8058,2
8059,2
8060,0
8061,1
8062,2
8063,1
8064,1
8065,0
8066,1
8067,0
8068,2
8069,0
8070,2
8071,0
8072,2
8073,2
8074,2
8075,1
8076,0
8077,2
8078,0
8079,1
8080,2
8081,2
8082,2
8083,2
8084,0
8085,1
8086,2
8087,1
8088,1
8089,0
8090,1
8091,2
8092,2
8093,2
8094,2
8095,1
8096,0
8097,0
8098,0
8099,2
8100,2
8101,0
8102,0
8103,0
8104,2
8105,2
8106,2
8107,0
8108,2
8109,0
8110,1
8111,1
8112,2
8113,0
8114,1
8115,2
8116,2
8117,2
8118,1
8119,1
8120,1
8121,2
8122,2
8123,2
8124,1
8125,1
8126,2
8127,1
8128,0
8129,2
8130,0
8131,2
8132,2
8133,2
8134,2
8135,2
8136,1
8137,1
8138,2
8139,1
8140,0
8141,2
8142,0
8143,0
8144,1
8145,2
8146,0
8147,2
8148,0
8149,0
8150,0
8151,0
8152,1
8153,1
8154,1
8155,0
8156,2
8157,0
8158,1
8159,0
8160,2
8161,2
8162,1
8163,2
8164,1
8165,2
8166,0
8167,2
8168,0
8169,2
8170,2
8171,2
8172,2
8173,2
8174,2
8175,2
8176,1
8177,1
8178,2
8179,2
8180,1
8181,0
8182,2
8183,1
8184,2
8185,2
8186,1
8187,0
8188,2
8189,1
8190,2
8191,0
8192,0
8193,2
8194,2
8195,0
8196,0
8197,2
8198,2
8199,1
8200,2
8201,1
8202,1
8203,0
8204,2
8205,2
8206,2
8207,1
8208,0
8209,2
8210,2
8211,2
8212,2
8213,1
8214,1
8215,0
8216,2
8217,1
8218,1
8219,2
8220,1
8221,2
8222,0
8223,2
8224,1
8225,2
8226,1
8227,1
8228,2
8229,2
8230,0
8231,1
8232,2
8233,1
8234,2
8235,2
8236,0
8237,2
8238,2
8239,2
8240,0
8241,1
8242,2
8243,0
8244,2
8245,2
8246,1
8247,1
8248,2
8249,1
8250,2
8251,2
8252,0
8253,1
8254,0
8255,0
8256,2
8257,2
8258,1
8259,0
8260,1
8261,2
8262,0
8263,2
8264,2
8265,0
8266,0
8267,1
8268,0
8269,0
8270,1
8271,2
8272,1
8273,1
8274,1
8275,0
8276,2
8277,0
8278,1
8279,0
8280,0
8281,0
8282,2
8283,2
8284,0
8285,0
8286,2
8287,2
8288,0
8289,0
8290,1
8291,0
8292,2
8293,0
8294,1
8295,2
8296,0
8297,1
8298,2
8299,2
8300,2
8301,2
8302,2
8303,2
8304,0
8305,2
8306,2
8307,1
8308,0
8309,2
8310,2
8311,1
8312,0
8313,0
8314,1
8315,2
8316,0
8317,0
8318,0
8319,0
8320,1
8321,2
8322,1
8323,0
8324,1
8325,0
8326,1
8327,2
8328,1
8329,0
8330,0
8331,2
8332,2
8333,2
8334,1
8335,2
8336,2
8337,0
8338,2
8339,0
8340,2
8341,0
8342,0
8343,2
8344,1
8345,2
8346,0
8347,2
8348,0
8349,1
8350,0
8351,1
8352,2
8353,2
8354,2
8355,2
8356,0
8357,1
8358,1
8359,0
8360,2
8361,1
8362,2
8363,2
8364,1
8365,2
8366,0
8367,2
8368,0
8369,2
8370,0
8371,2
8372,0
8373,2
8374,2
8375,2
8376,0
8377,1
8378,1
8379,1
8380,2
8381,2
8382,2
8383,0
8384,2
8385,0
8386,2
8387,2
8388,0
8389,1
8390,1
8391,2
8392,2
8393,1
8394,2
8395,2
8396,0
8397,0
8398,0
8399,0
8400,0
8401,0
8402,0
8403,0
8404,0
8405,0
8406,0
8407,0
8408,0
8409,0
8410,0
8411,0
8412,0
8413,0
8414,0
8415,0
8416,0
8417,0
8418,0
8419,0
8420,0
8421,0
8422,0
8423,0
8424,0
8425,0
8426,0
8427,0
8428,0
8429,0
8430,0
8431,0
8432,0
8433,0
8434,0
8435,0
8436,0
8437,0
8438,0
8439,0
8440,0
8441,0
8442,0
8443,0
8444,0
8445,0
8446,0
8447,0
8448,0
8449,0
8450,0
8451,0
8452,0
8453,0
8454,0
8455,0
8456,0
8457,0
8458,0
8459,0
8460,0
8461,0
8462,0
8463,0
8464,0
8465,0
8466,0
8467,0
8468,0
8469,0
8470,0
8471,0
8472,0
8473,0
8474,0
8475,0
8476,0
8477,0
8478,0
8479,0
8480,0
8481,0
8482,0
8483,0
8484,0
8485,0
8486,0
8487,0
8488,0
8489,0
8490,0
8491,0
8492,0
8493,0
8494,0
8495,0
8496,0
8497,0
8498,0
8499,0
8500,0
8501,0
8502,0
8503,0
8504,0
8505,0
8506,0
8507,0
8508,0
8509,0
8510,0
8511,0
8512,0
8513,0
8514,0
8515,0
8516,0
8517,0
8518,0
8519,0
8520,0
8521,0
8522,0
8523,0
8524,0
8525,0
8526,0
8527,0
8528,0
8529,0
8530,0
8531,0
8532,0
8533,0
8534,0
8535,0
8536,0
8537,0
8538,0
8539,0
8540,0
8541,0
8542,0
8543,0
8544,0
8545,0
8546,0
8547,0
8548,0
8549,0
8550,0
8551,0
8552,0
8553,0
8554,0
8555,0
8556,0
8557,0
8558,0
8559,0
8560,0
8561,0
8562,0
8563,0
8564,0
8565,0
8566,0
8567,0
8568,0
8569,0
8570,0
8571,0
8572,0
8573,0
8574,0
8575,0
8576,0
8577,0
8578,0
8579,0
8580,0
8581,0
8582,0
8583,0
8584,0
8585,0
8586,0
8587,0
8588,0
8589,0
8590,0
8591,0
8592,0
8593,0
8594,0
8595,0
8596,0
8597,0
8598,0
8599,0
8600,0
8601,0
8602,0
8603,0
8604,0
8605,0
8606,0
8607,0
8608,0
8609,0
8610,0
8611,0
8612,0
8613,0
8614,0
8615,0
8616,0
8617,0
8618,0
8619,0
8620,0
8621,0
8622,0
8623,0
8624,0
8625,0
8626,0
8627,0
8628,0
8629,0
8630,0
8631,0
8632,0
8633,0
8634,0
8635,0
8636,0
8637,0
8638,0
8639,0
8640,0
8641,0
8642,0
8643,0
8644,0
8645,0
8646,0
8647,0
8648,0
8649,0
8650,0
8651,0
8652,0
8653,0
8654,0
8655,0
8656,0
8657,0
8658,0
8659,0
8660,0
8661,0
8662,0
8663,0
8664,0
8665,0
8666,0
8667,0
8668,0
8669,0
8670,0
8671,0
8672,0
8673,0
8674,0
8675,0
8676,0
8677,0
8678,0
8679,0
8680,0
8681,0
8682,0
8683,0
8684,0
8685,0
8686,0
8687,0
8688,0
8689,0
8690,0
8691,0
8692,0
8693,0
8694,0
8695,0
8696,0
8697,0
8698,0
8699,0
8700,0
8701,0
8702,0
8703,0
8704,0
8705,0
8706,0
8707,0
8708,0
8709,0
8710,0
8711,0
8712,0
8713,0
8714,0
8715,0
8716,0
8717,0
8718,0
8719,0
8720,0
8721,0
8722,0
8723,0
8724,0
8725,0
8726,0
8727,0
8728,0
8729,0
8730,0
8731,0
8732,0
8733,0
8734,0
8735,0
8736,0
8737,0
8738,0
8739,0
8740,0
8741,0
8742,0
8743,0
8744,0
8745,0
8746,0
8747,0
8748,0
8749,0
8750,0
8751,0
8752,0
8753,0
8754,0
8755,0
8756,0
8757,0
8758,0
8759,0
8760,0
8761,0
8762,0
8763,0
8764,0
8765,0
8766,0
8767,0
8768,0
8769,0
8770,0
8771,0
8772,0
8773,0
8774,0
8775,0
8776,0
8777,0
8778,0
8779,0
8780,0
8781,0
8782,0
8783,0
8784,0
8785,0
8786,0
8787,0
8788,0
8789,0
8790,0
8791,0
8792,0
8793,0
8794,0
8795,0
8796,0
8797,0
8798,0
8799,0
8800,0
8801,0
8802,0
8803,0
8804,0
8805,0
8806,0
8807,0
8808,0
8809,0
8810,0
8811,0
8812,0
8813,0
8814,0
8815,0
8816,0
8817,0
8818,0
8819,0
8820,0
8821,0
8822,0
8823,0
8824,0
8825,0
8826,0
8827,0
8828,0
8829,0
8830,0
8831,0
8832,0
8833,0
8834,0
8835,0
8836,0
8837,0
8838,0
8839,0
8840,0
8841,0
8842,0
8843,0
8844,0
8845,0
8846,0
8847,0
8848,0
8849,0
8850,0
8851,0
8852,0
8853,0
8854,0
8855,0
8856,0
8857,0
8858,0
8859,0
8860,0
8861,0
8862,0
8863,0
8864,0
8865,0
8866,0
8867,0
8868,0
8869,0
8870,0
8871,0
8872,0
8873,0
8874,0
8875,0
8876,0
8877,0
8878,0
8879,0
8880,0
8881,0
8882,0
8883,0
8884,0
8885,0
8886,0
8887,0
8888,0
8889,0
8890,0
8891,0
8892,0
8893,0
8894,0
8895,0
8896,0
8897,0
8898,0
8899,0
8900,0
8901,0
8902,0
8903,0
8904,0
8905,0
8906,0
8907,0
8908,0
8909,0
8910,0
8911,0
8912,0
8913,0
8914,0
8915,0
8916,0
8917,0
8918,0
8919,0
8920,0
8921,0
8922,0
8923,0
8924,0
8925,0
8926,0
8927,0
8928,0
8929,0
8930,0
8931,0
8932,0
8933,0
8934,0
8935,0
8936,0
8937,0
8938,0
8939,0
8940,0
8941,0
8942,0
8943,0
8944,0
8945,0
8946,0
8947,0
8948,0
8949,0
8950,0
8951,0
8952,0
8953,0
8954,0
8955,0
8956,0
8957,0
8958,0
8959,0
8960,0
8961,0
8962,0
8963,0
8964,0
8965,0
8966,0
8967,0
8968,0
8969,0
8970,0
8971,0
8972,0
8973,0
8974,0
8975,0
8976,0
8977,0
8978,0
8979,0
8980,0
8981,0
8982,0
8983,0
8984,0
8985,0
8986,0
8987,0
8988,0
8989,0
8990,0
8991,0
8992,0
8993,0
8994,0
8995,0
8996,0
8997,0
8998,0
8999,0
9000,0
9001,0
9002,0
9003,0
9004,0
9005,0
9006,0
9007,0
9008,0
9009,0
9010,0
9011,0
9012,0
9013,0
9014,0
9015,0
9016,0
9017,0
9018,0
9019,0
9020,0
9021,0
9022,0
9023,0
9024,0
9025,0
9026,0
9027,0
9028,0
9029,0
9030,0
9031,0
9032,0
9033,0
9034,0
9035,0
9036,0
9037,0
9038,0
9039,0
9040,0
9041,0
9042,0
9043,0
9044,0
9045,0
9046,0
9047,0
9048,0
9049,0
9050,0
9051,0
9052,0
9053,0
9054,0
9055,0
9056,0
9057,0
9058,0
9059,0
9060,0
9061,0
9062,0
9063,0
9064,0
9065,0
9066,0
9067,0
9068,0
9069,0
9070,0
9071,0
9072,0
9073,0
9074,0
9075,0
9076,0
9077,0
9078,0
9079,0
9080,0
9081,0
9082,0
9083,0
9084,0
9085,0
9086,0
9087,0
9088,0
9089,0
9090,0
9091,0
9092,0
9093,0
9094,0
9095,0
9096,0
9097,0
9098,0
9099,0
9100,0
9101,0
9102,0
9103,0
9104,0
9105,0
9106,0
9107,0
9108,0
9109,0
9110,0
9111,0
9112,0
9113,0
9114,0
9115,0
9116,0
9117,0
9118,0
9119,0
9120,0
9121,0
9122,0
9123,0
9124,0
9125,0
9126,0
9127,0
9128,0
9129,0
9130,0
9131,0
9132,0
9133,0
9134,0
9135,0
9136,0
9137,0
9138,0
9139,0
9140,0
9141,0
9142,0
9143,0
9144,0
9145,0
9146,0
9147,0
9148,0
9149,0
9150,0
9151,0
9152,0
9153,0
9154,0
9155,0
9156,0
9157,0
9158,0
9159,0
9160,0
9161,0
9162,0
9163,0
9164,0
9165,0
9166,0
9167,0
9168,0
9169,0
9170,0
9171,0
9172,0
9173,0
9174,0
9175,0
9176,0
9177,0
9178,0
9179,0
9180,0
9181,0
9182,0
9183,0
9184,0
9185,0
9186,0
9187,0
9188,0
9189,0
9190,0
9191,0
9192,0
9193,0
9194,0
9195,0
9196,0
9197,0
9198,0
9199,0
9200,0
9201,0
9202,0
9203,0
9204,0
9205,0
9206,0
9207,0
9208,0
9209,0
9210,0
9211,0
9212,0
9213,0
9214,0
9215,0
9216,0
9217,0
9218,0
9219,0
9220,0
9221,0
9222,0
9223,0
9224,0
9225,0
9226,0
9227,0
9228,0
9229,0
9230,0
9231,0
9232,0
9233,0
9234,0
9235,0
9236,0
9237,0
9238,0
9239,0
9240,0
9241,0
9242,0
9243,0
9244,0
9245,0
9246,0
9247,0
9248,0
9249,0
9250,0
9251,0
9252,0
9253,0
9254,0
9255,0
9256,0
9257,0
9258,0
9259,0
9260,0
9261,0
9262,0
9263,0
9264,0
9265,0
9266,0
9267,0
9268,0
9269,0
9270,0
9271,0
9272,0
9273,0
9274,0
9275,0
9276,0
9277,0
9278,0
9279,0
9280,0
9281,0
9282,0
9283,0
9284,0
9285,0
9286,0
9287,0
9288,0
9289,0
9290,0
9291,0
9292,0
9293,0
9294,0
9295,0
9296,0
9297,0
9298,0
9299,0
9300,0
9301,0
9302,0
9303,0
9304,0
9305,0
9306,0
9307,0
9308,0
9309,0
9310,0
9311,0
9312,0
9313,0
9314,0
9315,0
9316,0
9317,0
9318,0
9319,0
9320,0
9321,0
9322,0
9323,0
9324,0
9325,0
9326,0
9327,0
9328,0
9329,0
9330,0
9331,0
9332,0
9333,0
9334,0
9335,0
9336,0
9337,0
9338,0
9339,0
9340,0
9341,0
9342,0
9343,0
9344,0
9345,0
9346,0
9347,0
9348,0
9349,0
9350,0
9351,0
9352,0
9353,0
9354,0
9355,0
9356,0
9357,0
9358,0
9359,0
9360,0
9361,0
9362,0
9363,0
9364,0
9365,0
9366,0
9367,0
9368,0
9369,0
9370,0
9371,0
9372,0
9373,0
9374,0
9375,0
9376,0
9377,0
9378,0
9379,0
9380,0
9381,0
9382,0
9383,0
9384,0
9385,0
9386,0
9387,0
9388,0
9389,0
9390,0
9391,0
9392,0
9393,0
9394,0
9395,0
9396,0
9397,0
9398,0
9399,0
9400,0
9401,0
9402,0
9403,0
9404,0
9405,0
9406,0
9407,0
9408,0
9409,0
9410,0
9411,0
9412,0
9413,0
9414,0
9415,0
9416,0
9417,0
9418,0
9419,0
9420,0
9421,0
9422,0
9423,0
9424,0
9425,0
9426,0
9427,0
9428,0
9429,0
9430,0
9431,0
9432,0
9433,0
9434,0
9435,0
9436,0
9437,0
9438,0
9439,0
9440,0
9441,0
9442,0
9443,0
9444,0
9445,0
9446,0
9447,0
9448,0
9449,0
9450,0
9451,0
9452,0
9453,0
9454,0
9455,0
9456,0
9457,0
9458,0
9459,0
9460,0
9461,0
9462,0
9463,0
9464,0
9465,0
9466,0
9467,0
9468,0
9469,0
9470,0
9471,0
9472,0
9473,0
9474,0
9475,0
9476,0
9477,0
9478,0
9479,0
9480,0
9481,0
9482,0
9483,0
9484,0
9485,0
9486,0
9487,0
9488,0
9489,0
9490,0
9491,0
9492,0
9493,0
9494,0
9495,0
9496,0
9497,0
9498,0
9499,0
9500,0
9501,0
9502,0
9503,0
9504,0
9505,0
9506,1
9507,1
9508,1
9509,1
9510,1
9511,1
9512,1
9513,1
9514,1
9515,1
9516,1
9517,1
9518,1
9519,1
9520,1
9521,1
9522,1
9523,1
9524,1
9525,1
9526,1
9527,1
9528,1
9529,1
9530,1
9531,1
9532,1
9533,1
9534,1
9535,1
9536,1
9537,1
9538,1
9539,1
9540,1
9541,1
9542,1
9543,1
9544,1
9545,1
9546,1
9547,1
9548,1
9549,1
9550,1
9551,1
9552,1
9553,1
9554,1
9555,1
9556,1
9557,1
9558,1
9559,1
9560,1
9561,1
9562,1
9563,1
9564,1
9565,1
9566,1
9567,1
9568,1
9569,1
9570,1
9571,1
9572,1
9573,1
9574,1
9575,1
9576,1
9577,1
9578,1
9579,1
9580,1
9581,1
9582,1
9583,1
9584,1
9585,1
9586,1
9587,1
9588,1
9589,1
9590,1
9591,1
9592,1
9593,1
9594,1
9595,1
9596,1
9597,1
9598,1
9599,1
9600,1
9601,1
9602,1
9603,1
9604,1
9605,1
9606,1
9607,1
9608,1
9609,1
9610,1
9611,1
9612,1
9613,1
9614,1
9615,1
9616,1
9617,1
9618,1
9619,1
9620,1
9621,1
9622,1
9623,1
9624,1
9625,1
9626,1
9627,1
9628,1
9629,1
9630,1
9631,1
9632,1
9633,1
9634,1
9635,1
9636,1
9637,1
9638,1
9639,1
9640,1
9641,1
9642,1
9643,1
9644,1
9645,1
9646,1
9647,1
9648,1
9649,1
9650,1
9651,1
9652,1
9653,1
9654,1
9655,1
9656,1
9657,1
9658,1
9659,1
9660,1
9661,1
9662,1
9663,1
9664,1
9665,1
9666,1
9667,1
9668,1
9669,1
9670,1
9671,1
9672,1
9673,1
9674,1
9675,1
9676,1
9677,1
9678,1
9679,1
9680,1
9681,1
9682,1
9683,1
9684,1
9685,1
9686,1
9687,1
9688,1
9689,1
9690,1
9691,1
9692,1
9693,1
9694,1
9695,1
9696,1
9697,1
9698,1
9699,1
9700,1
9701,1
9702,1
9703,1
9704,1
9705,1
9706,1
9707,1
9708,1
9709,1
9710,1
9711,1
9712,1
9713,1
9714,1
9715,1
9716,1
9717,1
9718,1
9719,1
9720,1
9721,1
9722,1
9723,1
9724,1
9725,1
9726,1
9727,1
9728,1
9729,1
9730,1
9731,1
9732,1
9733,1
9734,1
9735,1
9736,1
9737,1
9738,1
9739,1
9740,1
9741,1
9742,1
9743,1
9744,1
9745,1
9746,1
9747,1
9748,1
9749,1
9750,1
9751,1
9752,1
9753,1
9754,1
9755,1
9756,1
9757,1
9758,1
9759,1
9760,1
9761,1
9762,1
9763,1
9764,1
9765,1
9766,1
9767,1
9768,1
9769,1
9770,1
9771,1
9772,1
9773,1
9774,1
9775,1
9776,1
9777,1
9778,1
9779,1
9780,1
9781,1
9782,1
9783,1
9784,1
9785,1
9786,1
9787,1
9788,1
9789,1
9790,1
9791,1
9792,1
9793,1
9794,1
9795,1
9796,1
9797,1
9798,1
9799,1
9800,1
9801,1
9802,1
9803,1
9804,1
9805,1
9806,1
9807,1
9808,1
9809,1
9810,1
9811,1
9812,1
9813,1
9814,1
9815,1
9816,1
9817,1
9818,1
9819,1
9820,1
9821,1
9822,1
9823,1
9824,1
9825,1
9826,1
9827,1
9828,1
9829,1
9830,1
9831,1
9832,1
9833,1
9834,1
9835,1
9836,1
9837,1
9838,1
9839,1
9840,1
9841,1
9842,1
9843,1
9844,1
9845,1
9846,1
9847,1
9848,1
9849,1
9850,1
9851,1
9852,1
9853,1
9854,1
9855,1
9856,1
9857,1
9858,1
9859,1
9860,1
9861,1
9862,1
9863,1
9864,1
9865,1
9866,1
9867,1
9868,1
9869,1
9870,1
9871,1
9872,1
9873,1
9874,1
9875,1
9876,1
9877,1
9878,1
9879,1
9880,1
9881,1
9882,1
9883,1
9884,1
9885,1
9886,1
9887,1
9888,1
9889,1
9890,1
9891,1
9892,1
9893,1
9894,1
9895,1
9896,1
9897,1
9898,1
9899,1
9900,1
9901,1
9902,1
9903,1
9904,1
9905,1
9906,1
9907,1
9908,1
9909,1
9910,1
9911,1
9912,1
9913,1
9914,1
9915,1
9916,1
9917,1
9918,1
9919,1
9920,1
9921,1
9922,1
9923,1
9924,1
9925,1
9926,1
9927,1
9928,1
9929,1
9930,1
9931,1
9932,1
9933,1
9934,1
9935,1
9936,1
9937,1
9938,1
9939,1
9940,1
9941,1
9942,1
9943,1
9944,1
9945,1
9946,1
9947,1
9948,1
9949,1
9950,1
9951,1
9952,1
9953,1
9954,1
9955,1
9956,1
9957,1
9958,1
9959,1
9960,1
9961,1
9962,1
9963,1
9964,1
9965,1
9966,1
9967,1
9968,1
9969,1
9970,1
9971,1
9972,1
9973,1
9974,1
9975,1
9976,1
9977,1
9978,1
9979,1
9980,1
9981,1
9982,1
9983,1
9984,1
9985,1
9986,1
9987,1
9988,1
9989,1
9990,1
9991,1
9992,1
9993,1
9994,1
9995,1
9996,1
9997,1
9998,1
9999,1
10000,1
10001,1
10002,1
10003,1
10004,1
10005,1
10006,1
10007,1
10008,1
10009,1
10010,1
10011,1
10012,1
10013,1
10014,1
10015,1
10016,1
10017,1
10018,1
10019,1
10020,1
10021,1
10022,1
10023,1
10024,1
10025,1
10026,1
10027,1
10028,1
10029,1
10030,1
10031,1
10032,1
10033,1
10034,1
10035,1
10036,1
10037,1
10038,1
10039,1
10040,1
10041,1
10042,1
10043,1
10044,1
10045,1
10046,1
10047,1
10048,1
10049,1
10050,1
10051,1
10052,1
10053,1
10054,1
10055,1
10056,1
10057,1
10058,1
10059,1
10060,1
10061,1
10062,1
10063,1
10064,1
10065,1
10066,1
10067,1
10068,1
10069,1
10070,1
10071,1
10072,1
10073,1
10074,1
10075,1
10076,1
10077,1
10078,1
10079,1
10080,1
10081,1
10082,1
10083,1
10084,1
10085,1
10086,1
10087,1
10088,1
10089,1
10090,1
10091,1
10092,1
10093,1
10094,1
10095,1
10096,1
10097,1
10098,1
10099,1
10100,1
10101,1
10102,1
10103,1
10104,1
10105,1
10106,1
10107,1
10108,1
10109,1
10110,1
10111,1
10112,1
10113,1
10114,1
10115,1
10116,1
10117,1
10118,1
10119,1
10120,1
10121,1
10122,1
10123,1
10124,1
10125,1
10126,1
10127,1
10128,1
10129,1
10130,1
10131,1
10132,1
10133,1
10134,1
10135,1
10136,1
10137,1
10138,1
10139,1
10140,1
10141,1
10142,1
10143,1
10144,1
10145,1
10146,1
10147,1
10148,1
10149,1
10150,1
10151,1
10152,1
10153,1
10154,1
10155,1
10156,1
10157,1
10158,1
10159,1
10160,1
10161,1
10162,1
10163,1
10164,1
10165,1
10166,1
10167,1
10168,1
10169,1
10170,1
10171,1
10172,1
10173,1
10174,1
10175,1
10176,1
10177,1
10178,1
10179,1
10180,1
10181,1
10182,1
10183,1
10184,1
10185,1
10186,1
10187,1
10188,1
10189,1
10190,1
10191,1
10192,1
10193,1
10194,1
10195,1
10196,1
10197,1
10198,1
10199,1
10200,1
10201,1
10202,1
10203,1
10204,1
10205,1
10206,1
10207,1
10208,1
10209,1
10210,1
10211,1
10212,1
10213,1
10214,1
10215,1
10216,1
10217,1
10218,1
10219,1
10220,1
10221,1
10222,1
10223,1
10224,1
10225,1
10226,1
10227,1
10228,1
10229,1
10230,1
10231,1
10232,1
10233,1
10234,1
10235,1
10236,1
10237,1
10238,1
10239,1
10240,1
10241,1
10242,1
10243,1
10244,1
10245,1
10246,1
10247,1
10248,1
10249,1
10250,1
10251,1
10252,1
10253,1
10254,1
10255,1
10256,1
10257,1
10258,1
10259,1
10260,1
10261,1
10262,1
10263,1
10264,1
10265,1
10266,1
10267,1
10268,1
10269,1
10270,1
10271,1
10272,1
10273,1
10274,1
10275,1
10276,1
10277,1
10278,1
10279,1
10280,1
10281,1
10282,1
10283,1
10284,1
10285,1
10286,1
10287,1
10288,1
10289,1
10290,1
10291,1
10292,1
10293,1
10294,1
10295,1
10296,1
10297,1
10298,1
10299,1
10300,1
10301,1
10302,1
10303,1
10304,1
10305,1
10306,1
10307,1
10308,1
10309,1
10310,1
10311,1
10312,1
10313,1
10314,1
10315,1
10316,1
10317,1
10318,1
10319,1
10320,1
10321,1
10322,1
10323,1
10324,1
10325,1
10326,1
10327,1
10328,1
10329,1
10330,1
10331,1
10332,1
10333,1
10334,1
10335,1
10336,1
10337,1
10338,1
10339,1
10340,1
10341,1
10342,1
10343,1
10344,1
10345,1
10346,1
10347,1
10348,1
10349,1
10350,1
10351,1
10352,1
10353,1
10354,1
10355,1
10356,1
10357,1
10358,1
10359,1
10360,1
10361,1
10362,1
10363,1
10364,1
10365,1
10366,1
10367,1
10368,1
10369,1
10370,1
10371,1
10372,1
10373,1
10374,1
10375,1
10376,1
10377,1
10378,1
10379,1
10380,1
10381,1
10382,1
10383,1
10384,1
10385,1
10386,1
10387,1
10388,1
10389,1
10390,1
10391,1
10392,1
10393,1
10394,1
10395,1
10396,1
10397,1
10398,1
10399,1
10400,1
10401,1
10402,1
10403,1
10404,1
10405,1
10406,1
10407,1
10408,1
10409,1
10410,1
10411,1
10412,1
10413,1
10414,1
10415,1
10416,1
10417,1
10418,1
10419,1
10420,1
10421,1
10422,1
10423,1
10424,1
10425,1
10426,1
10427,1
10428,1
10429,1
10430,1
10431,1
10432,1
10433,1
10434,1
10435,1
10436,1
10437,1
10438,1
10439,1
10440,1
10441,1
10442,1
10443,1
10444,1
10445,1
10446,1
10447,1
10448,1
10449,1
10450,1
10451,1
10452,1
10453,1
10454,1
10455,1
10456,1
10457,1
10458,1
10459,1
10460,1
10461,1
10462,1
10463,1
10464,1
10465,1
10466,1
10467,1
10468,1
10469,1
10470,1
10471,1
10472,1
10473,1
10474,1
10475,1
10476,1
10477,1
10478,1
10479,1
10480,1
10481,1
10482,1
10483,1
10484,1
10485,1
10486,1
10487,1
10488,1
10489,1
10490,1
10491,1
10492,1
10493,1
10494,1
10495,1
10496,1
10497,1
10498,1
10499,1
10500,1
10501,1
10502,1
10503,1
10504,1
10505,1
10506,1
10507,1
10508,1
10509,1
10510,1
10511,1
10512,1
10513,1
10514,1
10515,1
10516,1
10517,1
10518,1
10519,1
10520,1
10521,1
10522,1
10523,1
10524,1
10525,1
10526,1
10527,1
10528,1
10529,1
10530,1
10531,1
10532,1
10533,1
10534,1
10535,1
10536,1
10537,1
10538,1
10539,1
10540,1
10541,1
10542,1
10543,1
10544,1
10545,1
10546,1
10547,1
10548,1
10549,1
10550,1
10551,1
10552,1
10553,1
10554,1
10555,1
10556,1
10557,1
10558,1
10559,1
10560,1
10561,1
10562,1
10563,1
10564,1
10565,1
10566,1
10567,1
10568,1
10569,1
10570,1
10571,1
10572,1
10573,1
10574,1
10575,1
10576,1
10577,1
10578,1
10579,1
10580,1
10581,1
10582,1
10583,1
10584,1
10585,1
10586,1
10587,1
10588,1
10589,1
10590,1
10591,1
10592,1
10593,1
10594,1
10595,1
10596,1
10597,1
10598,1
10599,1
10600,1
10601,1
10602,1
10603,1
10604,1
10605,1
10606,1
10607,1
10608,1
10609,1
10610,1
10611,1
10612,1
10613,1
10614,1
10615,1
10616,1
10617,1
10618,1
10619,1
10620,1
10621,1
10622,1
10623,1
10624,1
10625,1
10626,1
10627,1
10628,1
10629,1
10630,1
10631,1
10632,1
10633,1
10634,1
10635,1
10636,1
10637,1
10638,1
10639,1
10640,1
10641,1
10642,1
10643,1
10644,1
10645,1
10646,1
10647,1
10648,1
10649,1
10650,1
10651,1
10652,1
10653,1
10654,1
10655,1
10656,1
10657,1
10658,1
10659,1
10660,1
10661,1
10662,1
10663,1
10664,1
10665,1
10666,1
10667,1
10668,1
10669,1
10670,1
10671,1
10672,1
10673,1
10674,1
10675,1
10676,1
10677,1
10678,1
10679,1
10680,1
10681,1
10682,1
10683,1
10684,1
10685,1
10686,1
10687,1
10688,1
10689,1
10690,1
10691,1
10692,1
10693,1
10694,1
10695,1
10696,1
10697,1
10698,1
10699,1
10700,1
10701,1
10702,1
10703,1
10704,1
10705,1
10706,1
10707,1
10708,1
10709,1
10710,1
10711,1
10712,1
10713,1
10714,1
10715,1
10716,1
10717,1
10718,1
10719,1
10720,1
10721,1
10722,1
10723,1
10724,1
10725,1
10726,1
10727,1
10728,1
10729,1
10730,1
10731,1
10732,1
10733,1
10734,1
10735,1
10736,1
10737,1
10738,1
10739,1
10740,1
10741,1
10742,1
10743,1
10744,1
10745,1
10746,1
10747,1
10748,1
10749,1
10750,1
10751,1
10752,1
10753,1
10754,1
10755,1
10756,1
10757,1
10758,1
10759,1
10760,1
10761,1
10762,1
10763,1
10764,1
10765,1
10766,1
10767,1
10768,1
10769,1
10770,1
10771,1
10772,1
10773,1
10774,1
10775,1
10776,1
10777,1
10778,1
10779,1
10780,1
10781,1
10782,1
10783,1
10784,1
10785,1
10786,1
10787,1
10788,1
10789,1
10790,1
10791,1
10792,1
10793,1
10794,1
10795,1
10796,1
10797,1
10798,1
10799,1
10800,1
10801,1
10802,1
10803,1
10804,1
10805,1
10806,1
10807,1
10808,1
10809,1
10810,1
10811,1
10812,1
10813,1
10814,1
10815,1
10816,1
10817,1
10818,1
10819,1
10820,1
10821,1
10822,1
10823,1
10824,1
10825,1
10826,1
10827,1
10828,1
10829,1
10830,1
10831,1
10832,1
10833,1
10834,1
10835,1
10836,1
10837,1
10838,1
10839,1
10840,1
10841,1
10842,1
10843,1
10844,1
10845,1
10846,1
10847,1
10848,1
10849,1
10850,1
10851,1
10852,1
10853,1
10854,1
10855,1
10856,1
10857,1
10858,1
10859,1
10860,1
10861,1
10862,1
10863,1
10864,1
10865,1
10866,1
10867,1
10868,1
10869,1
10870,1
10871,1
10872,1
10873,1
10874,1
10875,1
10876,1
10877,1
10878,1
10879,1
10880,1
10881,1
10882,1
10883,1
10884,1
10885,1
10886,1
10887,1
10888,1
10889,1
10890,1
10891,1
10892,1
10893,1
10894,1
10895,1
10896,1
10897,1
10898,1
10899,1
10900,1
10901,1
10902,1
10903,1
10904,1
10905,1
10906,1
10907,1
10908,1
10909,1
10910,1
10911,1
10912,1
10913,1
10914,1
10915,1
10916,1
10917,1
10918,1
10919,1
10920,1
10921,1
10922,1
10923,1
10924,1
10925,1
10926,1
10927,1
10928,1
10929,1
10930,1
10931,1
10932,1
10933,1
10934,1
10935,1
10936,1
10937,1
10938,1
10939,1
10940,1
10941,1
10942,1
10943,1
10944,1
10945,1
10946,1
10947,1
10948,1
10949,1
10950,1
10951,1
10952,1
10953,1
10954,1
10955,1
10956,1
10957,1
10958,1
10959,1
10960,1
10961,1
10962,1
10963,1
10964,1
10965,1
10966,1
10967,1
10968,1
10969,1
10970,1
10971,1
10972,1
10973,1
10974,1
10975,1
10976,1
10977,1
10978,1
10979,1
10980,1
10981,1
10982,1
10983,1
10984,1
10985,1
10986,1
10987,1
10988,1
10989,1
10990,1
10991,1
10992,1
10993,1
10994,1
10995,1
10996,1
10997,1
10998,1
10999,1
11000,1
11001,1
11002,1
11003,1
11004,1
11005,1
11006,1
11007,1
11008,1
11009,1
11010,1
11011,1
11012,1
11013,1
11014,1
11015,1
11016,1
11017,1
11018,1
11019,1
11020,1
11021,1
11022,1
11023,1
11024,1
11025,1
11026,1
11027,1
11028,1
11029,1
11030,1
11031,1
11032,1
11033,1
11034,1
11035,1
11036,1
11037,1
11038,1
11039,1
11040,1
11041,1
11042,1
11043,1
11044,1
11045,1
11046,1
11047,1
11048,1
11049,1
11050,1
11051,1
11052,1
11053,1
11054,1
11055,1
11056,1
11057,1
11058,1
11059,1
11060,1
11061,1
11062,1
11063,1
11064,1
11065,1
11066,1
11067,1
11068,1
11069,1
11070,1
11071,1
11072,1
11073,1
11074,1
11075,1
11076,1
11077,1
11078,1
11079,1
11080,1
11081,1
11082,1
11083,1
11084,1
11085,1
11086,1
11087,1
11088,1
11089,1
11090,1
11091,1
11092,1
11093,1
11094,1
11095,1
11096,1
11097,1
11098,1
11099,1
11100,1
11101,1
11102,1
11103,1
11104,1
11105,1
11106,1
11107,1
11108,1
11109,1
11110,1
11111,1
11112,1
11113,1
11114,1
11115,1
11116,1
11117,1
11118,1
11119,1
11120,1
11121,1
11122,1
11123,1
11124,1
11125,1
11126,1
11127,1
11128,1
11129,1
